location,Code,Year,PM2.5 air pollution, mean annual exposure (micrograms per cubic meter)
Afghanistan,AFG,1990,60.93668997,
Afghanistan,AFG,1995,56.1366282,
Afghanistan,AFG,2000,56.09202769,
Afghanistan,AFG,2005,43.2340322,
Afghanistan,AFG,2010,46.53680914,
Afghanistan,AFG,2011,50.48396035,
Afghanistan,AFG,2012,50.65394536,
Afghanistan,AFG,2013,50.96883112,
Afghanistan,AFG,2014,49.03609087,
Afghanistan,AFG,2015,62.08023415,
Afghanistan,AFG,2016,62.85485658,
Albania,ALB,1990,17.79600614,
Albania,ALB,1995,15.07260384,
Albania,ALB,2000,14.32084509,
Albania,ALB,2005,12.15581431,
Albania,ALB,2010,15.33569009,
Albania,ALB,2011,14.64613525,
Albania,ALB,2012,14.562992,
Albania,ALB,2013,15.6359167,
Albania,ALB,2014,16.74886183,
Albania,ALB,2015,14.7365482,
Albania,ALB,2016,14.63400837,
Algeria,DZA,1990,34.02375382,
Algeria,DZA,1995,33.39808007,
Algeria,DZA,2000,32.21159108,
Algeria,DZA,2005,28.43443097,
Algeria,DZA,2010,26.7093491,
Algeria,DZA,2011,27.49707477,
Algeria,DZA,2012,28.20943917,
Algeria,DZA,2013,31.00985419,
Algeria,DZA,2014,33.0806268,
Algeria,DZA,2015,37.03572791,
Algeria,DZA,2016,37.23095588,
American Samoa,ASM,1990,4.310768929,
American Samoa,ASM,1995,4.295556529,
American Samoa,ASM,2000,4.344942548,
American Samoa,ASM,2005,4.303133467,
American Samoa,ASM,2010,3.368691428,
American Samoa,ASM,2011,3.255183638,
American Samoa,ASM,2012,3.377270828,
American Samoa,ASM,2013,3.457884807,
American Samoa,ASM,2014,3.634140139,
American Samoa,ASM,2015,3.790378501,
American Samoa,ASM,2016,3.763411508,
Andorra,AND,1990,11.57624525,
Andorra,AND,1995,11.36399568,
Andorra,AND,2000,11.05977326,
Andorra,AND,2005,11.21913396,
Andorra,AND,2010,11.11580842,
Andorra,AND,2011,11.23066635,
Andorra,AND,2012,11.25443241,
Andorra,AND,2013,10.94268417,
Andorra,AND,2014,10.66769454,
Andorra,AND,2015,10.90893447,
Andorra,AND,2016,10.87947242,
Angola,AGO,1990,36.81475645,
Angola,AGO,1995,36.34565627,
Angola,AGO,2000,39.70482022,
Angola,AGO,2005,35.40446505,
Angola,AGO,2010,30.92171586,
Angola,AGO,2011,31.80065678,
Angola,AGO,2012,33.40704991,
Angola,AGO,2013,33.50705108,
Angola,AGO,2014,35.33104842,
Angola,AGO,2015,35.78846911,
Angola,AGO,2016,36.24047917,
Antigua and Barbuda,ATG,1990,17.27547526,
Antigua and Barbuda,ATG,1995,17.38403992,
Antigua and Barbuda,ATG,2000,17.26118629,
Antigua and Barbuda,ATG,2005,16.32133162,
Antigua and Barbuda,ATG,2010,13.37421829,
Antigua and Barbuda,ATG,2011,13.61344187,
Antigua and Barbuda,ATG,2012,13.71104398,
Antigua and Barbuda,ATG,2013,14.0147651,
Antigua and Barbuda,ATG,2014,13.76841839,
Antigua and Barbuda,ATG,2015,15.51769564,
Antigua and Barbuda,ATG,2016,15.68594257,
Arab World,,1990,53.19232479,
Arab World,,1995,51.82485613,
Arab World,,2000,52.9039833,
Arab World,,2005,52.76300467,
Arab World,,2010,63.79172522,
Arab World,,2011,63.14856739,
Arab World,,2012,63.80139284,
Arab World,,2013,63.39154132,
Arab World,,2014,62.99461423,
Arab World,,2015,81.93662962,
Arab World,,2016,83.15146329,
Argentina,ARG,1990,15.91256925,
Argentina,ARG,1995,16.05882245,
Argentina,ARG,2000,15.60364293,
Argentina,ARG,2005,14.82032426,
Argentina,ARG,2010,14.2241786,
Argentina,ARG,2011,14.06185915,
Argentina,ARG,2012,14.07585428,
Argentina,ARG,2013,13.57720909,
Argentina,ARG,2014,13.64364654,
Argentina,ARG,2015,14.11720297,
Argentina,ARG,2016,14.14816717,
Armenia,ARM,1990,20.73218767,
Armenia,ARM,1995,17.13288654,
Armenia,ARM,2000,18.56389763,
Armenia,ARM,2005,21.30936178,
Armenia,ARM,2010,25.72082755,
Armenia,ARM,2011,25.8609024,
Armenia,ARM,2012,24.03591654,
Armenia,ARM,2013,24.66518487,
Armenia,ARM,2014,25.06870215,
Armenia,ARM,2015,27.13203707,
Armenia,ARM,2016,26.97289332,
Australia,AUS,1990,6.71709804,
Australia,AUS,1995,6.744010717,
Australia,AUS,2000,6.802341296,
Australia,AUS,2005,6.608365778,
Australia,AUS,2010,5.937561281,
Australia,AUS,2011,5.880918943,
Australia,AUS,2012,5.981776157,
Australia,AUS,2013,6.028237909,
Australia,AUS,2014,5.933055205,
Australia,AUS,2015,6.109837979,
Australia,AUS,2016,6.126806421,
Austria,AUT,1990,19.26875533,
Austria,AUT,1995,16.61587248,
Austria,AUT,2000,15.26879511,
Austria,AUT,2005,15.30757447,
Austria,AUT,2010,15.1477555,
Austria,AUT,2011,14.93395807,
Austria,AUT,2012,15.24744732,
Austria,AUT,2013,15.94362212,
Austria,AUT,2014,16.46606703,
Austria,AUT,2015,15.03228858,
Austria,AUT,2016,14.96518831,
Azerbaijan,AZE,1990,26.74566448,
Azerbaijan,AZE,1995,22.99415994,
Azerbaijan,AZE,2000,23.85698047,
Azerbaijan,AZE,2005,21.15980758,
Azerbaijan,AZE,2010,26.22382242,
Azerbaijan,AZE,2011,25.22813065,
Azerbaijan,AZE,2012,24.681045,
Azerbaijan,AZE,2013,26.5519093,
Azerbaijan,AZE,2014,28.36897873,
Azerbaijan,AZE,2015,32.65922495,
Azerbaijan,AZE,2016,32.97762008,
Bahamas,BHS,1990,19.47035061,
Bahamas,BHS,1995,19.02645836,
Bahamas,BHS,2000,18.17996497,
Bahamas,BHS,2005,17.3690476,
Bahamas,BHS,2010,12.31265712,
Bahamas,BHS,2011,12.7668027,
Bahamas,BHS,2012,13.35162332,
Bahamas,BHS,2013,13.74327046,
Bahamas,BHS,2014,13.64473076,
Bahamas,BHS,2015,12.93355443,
Bahamas,BHS,2016,12.79114179,
Bahrain,BHR,1990,62.59180385,
Bahrain,BHR,1995,61.8105499,
Bahrain,BHR,2000,62.55345951,
Bahrain,BHR,2005,52.93299484,
Bahrain,BHR,2010,66.81030389,
Bahrain,BHR,2011,63.31228941,
Bahrain,BHR,2012,67.57613398,
Bahrain,BHR,2013,66.62046381,
Bahrain,BHR,2014,60.35661272,
Bahrain,BHR,2015,79.12774701,
Bahrain,BHR,2016,79.69099954,
Bangladesh,BGD,1990,63.87237387,
Bangladesh,BGD,1995,64.88643173,
Bangladesh,BGD,2000,65.46783191,
Bangladesh,BGD,2005,80.34253472,
Bangladesh,BGD,2010,82.40414563,
Bangladesh,BGD,2011,82.78024193,
Bangladesh,BGD,2012,82.9398343,
Bangladesh,BGD,2013,88.52642612,
Bangladesh,BGD,2014,87.11853497,
Bangladesh,BGD,2015,100.3238146,
Bangladesh,BGD,2016,101.0171569,
Barbados,BRB,1990,20.70238411,
Barbados,BRB,1995,20.78314849,
Barbados,BRB,2000,20.66667866,
Barbados,BRB,2005,17.72717265,
Barbados,BRB,2010,14.76971027,
Barbados,BRB,2011,14.88203799,
Barbados,BRB,2012,15.15376953,
Barbados,BRB,2013,15.05994018,
Barbados,BRB,2014,15.20428902,
Barbados,BRB,2015,18.1492246,
Barbados,BRB,2016,18.41481258,
Belarus,BLR,1990,33.43909248,
Belarus,BLR,1995,23.65772566,
Belarus,BLR,2000,20.29304729,
Belarus,BLR,2005,18.92158362,
Belarus,BLR,2010,20.21309574,
Belarus,BLR,2011,19.69779325,
Belarus,BLR,2012,18.51193346,
Belarus,BLR,2013,19.51546321,
Belarus,BLR,2014,19.97237412,
Belarus,BLR,2015,19.7445253,
Belarus,BLR,2016,19.79873107,
Belgium,BEL,1990,19.81980048,
Belgium,BEL,1995,18.12649238,
Belgium,BEL,2000,16.85846949,
Belgium,BEL,2005,16.26099056,
Belgium,BEL,2010,16.30820726,
Belgium,BEL,2011,16.29578318,
Belgium,BEL,2012,15.88155906,
Belgium,BEL,2013,15.90143934,
Belgium,BEL,2014,15.79653476,
Belgium,BEL,2015,16.01927717,
Belgium,BEL,2016,16.04343237,
Belize,BLZ,1990,29.39786096,
Belize,BLZ,1995,28.98939457,
Belize,BLZ,2000,29.48748203,
Belize,BLZ,2005,25.88969106,
Belize,BLZ,2010,21.02007611,
Belize,BLZ,2011,21.73395175,
Belize,BLZ,2012,25.3678794,
Belize,BLZ,2013,24.42474339,
Belize,BLZ,2014,25.46838109,
Belize,BLZ,2015,20.36844828,
Belize,BLZ,2016,20.18159894,
Benin,BEN,1990,61.61192495,
Benin,BEN,1995,59.65976536,
Benin,BEN,2000,58.80617657,
Benin,BEN,2005,45.74864869,
Benin,BEN,2010,42.47946042,
Benin,BEN,2011,45.74441674,
Benin,BEN,2012,45.12260434,
Benin,BEN,2013,41.32547366,
Benin,BEN,2014,38.2630494,
Benin,BEN,2015,90.46634825,
Benin,BEN,2016,95.96032285,
Bermuda,BMU,1990,12.09212227,
Bermuda,BMU,1995,11.60110575,
Bermuda,BMU,2000,11.37369963,
Bermuda,BMU,2005,11.68553879,
Bermuda,BMU,2010,9.451374,
Bermuda,BMU,2011,9.605679215,
Bermuda,BMU,2012,9.558182271,
Bermuda,BMU,2013,9.103641236,
Bermuda,BMU,2014,9.08911908,
Bermuda,BMU,2015,10.328921,
Bermuda,BMU,2016,10.47401764,
Bhutan,BTN,1990,40.55445706,
Bhutan,BTN,1995,40.87579394,
Bhutan,BTN,2000,41.02429068,
Bhutan,BTN,2005,50.85166467,
Bhutan,BTN,2010,50.05939668,
Bhutan,BTN,2011,48.90238796,
Bhutan,BTN,2012,49.98335508,
Bhutan,BTN,2013,54.48027601,
Bhutan,BTN,2014,54.24117817,
Bhutan,BTN,2015,55.80654396,
Bhutan,BTN,2016,55.79888972,
Bolivia,BOL,1990,27.8671278,
Bolivia,BOL,1995,28.77532469,
Bolivia,BOL,2000,30.23600956,
Bolivia,BOL,2005,39.79714353,
Bolivia,BOL,2010,28.61932141,
Bolivia,BOL,2011,30.3233561,
Bolivia,BOL,2012,27.0171889,
Bolivia,BOL,2013,27.79415398,
Bolivia,BOL,2014,28.38424935,
Bolivia,BOL,2015,22.26758233,
Bolivia,BOL,2016,22.04269225,
Bosnia and Herzegovina,BIH,1990,46.6338492,
Bosnia and Herzegovina,BIH,1995,37.63174245,
Bosnia and Herzegovina,BIH,2000,38.03732043,
Bosnia and Herzegovina,BIH,2005,35.38362998,
Bosnia and Herzegovina,BIH,2010,38.11552561,
Bosnia and Herzegovina,BIH,2011,37.44573485,
Bosnia and Herzegovina,BIH,2012,38.0361726,
Bosnia and Herzegovina,BIH,2013,41.61156553,
Bosnia and Herzegovina,BIH,2014,44.18994917,
Bosnia and Herzegovina,BIH,2015,39.53292557,
Bosnia and Herzegovina,BIH,2016,39.27178089,
Botswana,BWA,1990,21.67256178,
Botswana,BWA,1995,21.38159686,
Botswana,BWA,2000,22.34221325,
Botswana,BWA,2005,21.68500427,
Botswana,BWA,2010,18.96893914,
Botswana,BWA,2011,19.81301479,
Botswana,BWA,2012,19.04939926,
Botswana,BWA,2013,18.51785155,
Botswana,BWA,2014,17.98942923,
Botswana,BWA,2015,22.81560495,
Botswana,BWA,2016,23.13720408,
Brazil,BRA,1990,14.78143706,
Brazil,BRA,1995,15.40068374,
Brazil,BRA,2000,16.16085249,
Brazil,BRA,2005,13.77532918,
Brazil,BRA,2010,10.964792,
Brazil,BRA,2011,11.47912947,
Brazil,BRA,2012,11.21168102,
Brazil,BRA,2013,11.43926731,
Brazil,BRA,2014,11.31905415,
Brazil,BRA,2015,12.58115341,
Brazil,BRA,2016,12.65285893,
Brunei,BRN,1990,5.888169582,
Brunei,BRN,1995,5.881826992,
Brunei,BRN,2000,5.701522245,
Brunei,BRN,2005,7.399093272,
Brunei,BRN,2010,6.380134763,
Brunei,BRN,2011,6.228895064,
Brunei,BRN,2012,6.210097584,
Brunei,BRN,2013,6.176909898,
Brunei,BRN,2014,5.656721403,
Brunei,BRN,2015,6.372126446,
Brunei,BRN,2016,6.429309073,
Bulgaria,BGR,1990,45.26667564,
Bulgaria,BGR,1995,34.47737393,
Bulgaria,BGR,2000,29.17100874,
Bulgaria,BGR,2005,23.11210207,
Bulgaria,BGR,2010,26.86278911,
Bulgaria,BGR,2011,26.97450393,
Bulgaria,BGR,2012,25.72830266,
Bulgaria,BGR,2013,26.7178767,
Bulgaria,BGR,2014,27.55988102,
Bulgaria,BGR,2015,25.67960257,
Bulgaria,BGR,2016,25.64668767,
Burkina Faso,BFA,1990,67.71047469,
Burkina Faso,BFA,1995,66.99398595,
Burkina Faso,BFA,2000,66.80169208,
Burkina Faso,BFA,2005,59.25758749,
Burkina Faso,BFA,2010,60.97136397,
Burkina Faso,BFA,2011,62.73880902,
Burkina Faso,BFA,2012,54.94570946,
Burkina Faso,BFA,2013,49.58773004,
Burkina Faso,BFA,2014,44.10530982,
Burkina Faso,BFA,2015,104.8944257,
Burkina Faso,BFA,2016,110.7308018,
Burundi,BDI,1990,46.45652879,
Burundi,BDI,1995,46.56834085,
Burundi,BDI,2000,47.07648414,
Burundi,BDI,2005,43.24425296,
Burundi,BDI,2010,40.18027677,
Burundi,BDI,2011,44.086442,
Burundi,BDI,2012,47.43151199,
Burundi,BDI,2013,48.13933302,
Burundi,BDI,2014,47.08506861,
Burundi,BDI,2015,46.45019464,
Burundi,BDI,2016,46.28293462,
Cambodia,KHM,1990,24.86181266,
Cambodia,KHM,1995,24.8583562,
Cambodia,KHM,2000,25.02633694,
Cambodia,KHM,2005,28.17941779,
Cambodia,KHM,2010,24.56277158,
Cambodia,KHM,2011,25.20998542,
Cambodia,KHM,2012,26.1798804,
Cambodia,KHM,2013,27.31352319,
Cambodia,KHM,2014,27.68785144,
Cambodia,KHM,2015,26.16182574,
Cambodia,KHM,2016,26.14133409,
Cameroon,CMR,1990,105.8119924,
Cameroon,CMR,1995,103.2191233,
Cameroon,CMR,2000,99.64518179,
Cameroon,CMR,2005,81.86721758,
Cameroon,CMR,2010,72.27055642,
Cameroon,CMR,2011,75.54387737,
Cameroon,CMR,2012,75.04002265,
Cameroon,CMR,2013,73.84895647,
Cameroon,CMR,2014,69.50826883,
Cameroon,CMR,2015,134.7937498,
Cameroon,CMR,2016,139.7057901,
Canada,CAN,1990,7.915959359,
Canada,CAN,1995,7.729104398,
Canada,CAN,2000,7.772626334,
Canada,CAN,2005,8.064150373,
Canada,CAN,2010,7.267054292,
Canada,CAN,2011,7.338116721,
Canada,CAN,2012,7.30485743,
Canada,CAN,2013,7.273831212,
Canada,CAN,2014,7.206178542,
Canada,CAN,2015,7.514347762,
Canada,CAN,2016,7.525224482,
Cape Verde,CPV,1990,52.82027707,
Cape Verde,CPV,1995,54.27213568,
Cape Verde,CPV,2000,49.48702999,
Cape Verde,CPV,2005,33.76800323,
Cape Verde,CPV,2010,34.5617685,
Cape Verde,CPV,2011,38.92659343,
Cape Verde,CPV,2012,45.18200834,
Cape Verde,CPV,2013,43.87494127,
Cape Verde,CPV,2014,42.09588617,
Cape Verde,CPV,2015,64.96636654,
Cape Verde,CPV,2016,66.64177108,
Caribbean small states,,1990,21.70261847,
Caribbean small states,,1995,21.62077971,
Caribbean small states,,2000,21.68508001,
Caribbean small states,,2005,18.35942614,
Caribbean small states,,2010,13.97940724,
Caribbean small states,,2011,14.65776143,
Caribbean small states,,2012,15.75655852,
Caribbean small states,,2013,16.67540933,
Caribbean small states,,2014,16.48883736,
Caribbean small states,,2015,16.81613984,
Caribbean small states,,2016,16.84509139,
Central African Republic,CAF,1990,48.93787752,
Central African Republic,CAF,1995,49.08014976,
Central African Republic,CAF,2000,51.85082773,
Central African Republic,CAF,2005,50.9857693,
Central African Republic,CAF,2010,45.90694691,
Central African Republic,CAF,2011,49.36839837,
Central African Republic,CAF,2012,52.99072468,
Central African Republic,CAF,2013,49.63058202,
Central African Republic,CAF,2014,47.79015156,
Central African Republic,CAF,2015,65.56322255,
Central African Republic,CAF,2016,66.32023289,
Central Europe and the Baltics,,1990,38.38242657,
Central Europe and the Baltics,,1995,28.27177434,
Central Europe and the Baltics,,2000,23.36300249,
Central Europe and the Baltics,,2005,21.2040074,
Central Europe and the Baltics,,2010,23.16027606,
Central Europe and the Baltics,,2011,22.71361918,
Central Europe and the Baltics,,2012,21.20218399,
Central Europe and the Baltics,,2013,21.70679737,
Central Europe and the Baltics,,2014,22.21148923,
Central Europe and the Baltics,,2015,22.20034764,
Central Europe and the Baltics,,2016,22.21974895,
Chad,TCD,1990,64.91288206,
Chad,TCD,1995,64.65838146,
Chad,TCD,2000,63.97968964,
Chad,TCD,2005,59.01525724,
Chad,TCD,2010,56.34915851,
Chad,TCD,2011,57.06851932,
Chad,TCD,2012,56.2977302,
Chad,TCD,2013,53.19448734,
Chad,TCD,2014,49.21601888,
Chad,TCD,2015,91.67430903,
Chad,TCD,2016,95.6736091,
Chile,CHL,1990,20.62542136,
Chile,CHL,1995,21.23578211,
Chile,CHL,2000,21.95800791,
Chile,CHL,2005,22.87010588,
Chile,CHL,2010,21.31991697,
Chile,CHL,2011,21.37315064,
Chile,CHL,2012,21.52125386,
Chile,CHL,2013,21.16028508,
Chile,CHL,2014,21.12101701,
Chile,CHL,2015,21.94296815,
Chile,CHL,2016,21.9671149,
China,CHN,1990,48.48392816,
China,CHN,1995,49.57727538,
China,CHN,2000,51.56758823,
China,CHN,2005,56.85092922,
China,CHN,2010,58.17330798,
China,CHN,2011,57.10767823,
China,CHN,2012,57.33880398,
China,CHN,2013,56.80755997,
China,CHN,2014,57.92738767,
China,CHN,2015,56.40226181,
China,CHN,2016,56.33014796,
Colombia,COL,1990,21.25600764,
Colombia,COL,1995,20.40335274,
Colombia,COL,2000,20.41018323,
Colombia,COL,2005,21.51653051,
Colombia,COL,2010,16.68991058,
Colombia,COL,2011,17.69859584,
Colombia,COL,2012,17.31062928,
Colombia,COL,2013,18.35821222,
Colombia,COL,2014,17.67678909,
Colombia,COL,2015,17.11017315,
Colombia,COL,2016,17.11938773,
Comoros,COM,1990,20.8561871,
Comoros,COM,1995,20.93164914,
Comoros,COM,2000,21.11979994,
Comoros,COM,2005,20.35794098,
Comoros,COM,2010,16.82916615,
Comoros,COM,2011,17.28031378,
Comoros,COM,2012,17.2831699,
Comoros,COM,2013,17.48157752,
Comoros,COM,2014,17.11820358,
Comoros,COM,2015,19.03326428,
Comoros,COM,2016,19.14635158,
Congo,COG,1990,52.26649273,
Congo,COG,1995,52.48094802,
Congo,COG,2000,61.25726755,
Congo,COG,2005,57.8811818,
Congo,COG,2010,49.419361,
Congo,COG,2011,48.75708359,
Congo,COG,2012,51.24946775,
Congo,COG,2013,51.9290625,
Congo,COG,2014,53.17355571,
Congo,COG,2015,56.86638933,
Congo,COG,2016,55.83271511,
Costa Rica,CRI,1990,21.37100153,
Costa Rica,CRI,1995,21.13178224,
Costa Rica,CRI,2000,22.03236237,
Costa Rica,CRI,2005,20.62707769,
Costa Rica,CRI,2010,14.434751,
Costa Rica,CRI,2011,15.31328615,
Costa Rica,CRI,2012,16.48717769,
Costa Rica,CRI,2013,18.55867601,
Costa Rica,CRI,2014,18.37695382,
Costa Rica,CRI,2015,18.54336032,
Costa Rica,CRI,2016,18.53054595,
Cote d'Ivoire,CIV,1990,33.76968767,
Cote d'Ivoire,CIV,1995,33.085762,
Cote d'Ivoire,CIV,2000,32.34577539,
Cote d'Ivoire,CIV,2005,27.73627142,
Cote d'Ivoire,CIV,2010,28.64256306,
Cote d'Ivoire,CIV,2011,31.94194344,
Cote d'Ivoire,CIV,2012,33.10861058,
Cote d'Ivoire,CIV,2013,28.93318658,
Cote d'Ivoire,CIV,2014,26.27654966,
Cote d'Ivoire,CIV,2015,55.25302391,
Cote d'Ivoire,CIV,2016,57.77137282,
Croatia,HRV,1990,24.83178629,
Croatia,HRV,1995,19.98733513,
Croatia,HRV,2000,18.06880206,
Croatia,HRV,2005,17.58965253,
Croatia,HRV,2010,17.5707472,
Croatia,HRV,2011,16.89822007,
Croatia,HRV,2012,17.24773194,
Croatia,HRV,2013,18.67393754,
Croatia,HRV,2014,20.09968777,
Croatia,HRV,2015,19.84435617,
Croatia,HRV,2016,19.81560787,
Cuba,CUB,1990,22.84168225,
Cuba,CUB,1995,21.80857811,
Cuba,CUB,2000,21.73959791,
Cuba,CUB,2005,20.78281911,
Cuba,CUB,2010,15.47623754,
Cuba,CUB,2011,16.38335561,
Cuba,CUB,2012,17.84825625,
Cuba,CUB,2013,18.29517356,
Cuba,CUB,2014,18.14566209,
Cuba,CUB,2015,16.70338633,
Cuba,CUB,2016,16.6241175,
Cyprus,CYP,1990,15.652803,
Cyprus,CYP,1995,15.01753738,
Cyprus,CYP,2000,15.18862853,
Cyprus,CYP,2005,14.52480478,
Cyprus,CYP,2010,15.39468129,
Cyprus,CYP,2011,15.23383823,
Cyprus,CYP,2012,15.09295395,
Cyprus,CYP,2013,16.28787754,
Cyprus,CYP,2014,17.23243342,
Cyprus,CYP,2015,17.89852069,
Cyprus,CYP,2016,17.86639632,
Czech Republic,CZE,1990,37.13460876,
Czech Republic,CZE,1995,26.60324943,
Czech Republic,CZE,2000,20.98911157,
Czech Republic,CZE,2005,19.28882524,
Czech Republic,CZE,2010,20.21337971,
Czech Republic,CZE,2011,19.78878809,
Czech Republic,CZE,2012,18.72439615,
Czech Republic,CZE,2013,19.80289285,
Czech Republic,CZE,2014,20.59744294,
Czech Republic,CZE,2015,19.26133829,
Czech Republic,CZE,2016,19.17869055,
Democratic Republic of Congo,COD,1990,48.10641757,
Democratic Republic of Congo,COD,1995,48.55653411,
Democratic Republic of Congo,COD,2000,51.41743451,
Democratic Republic of Congo,COD,2005,47.0669214,
Democratic Republic of Congo,COD,2010,41.7504885,
Democratic Republic of Congo,COD,2011,44.36907214,
Democratic Republic of Congo,COD,2012,46.59725112,
Democratic Republic of Congo,COD,2013,46.85344511,
Democratic Republic of Congo,COD,2014,46.57451961,
Democratic Republic of Congo,COD,2015,55.8983428,
Democratic Republic of Congo,COD,2016,56.27516385,
Denmark,DNK,1990,12.85543606,
Denmark,DNK,1995,11.69269783,
Denmark,DNK,2000,10.9572045,
Denmark,DNK,2005,10.38119819,
Denmark,DNK,2010,10.42061374,
Denmark,DNK,2011,10.26972801,
Denmark,DNK,2012,10.05907321,
Denmark,DNK,2013,10.34388323,
Denmark,DNK,2014,10.67712133,
Denmark,DNK,2015,10.36485237,
Denmark,DNK,2016,10.32874421,
Djibouti,DJI,1990,46.47748608,
Djibouti,DJI,1995,46.82208745,
Djibouti,DJI,2000,49.83958915,
Djibouti,DJI,2005,43.16293962,
Djibouti,DJI,2010,45.38485761,
Djibouti,DJI,2011,48.43764838,
Djibouti,DJI,2012,52.31922362,
Djibouti,DJI,2013,51.22650686,
Djibouti,DJI,2014,50.87220272,
Djibouti,DJI,2015,71.0906143,
Djibouti,DJI,2016,71.70929766,
Dominica,DMA,1990,17.8223952,
Dominica,DMA,1995,18.03534751,
Dominica,DMA,2000,17.93326719,
Dominica,DMA,2005,16.61421105,
Dominica,DMA,2010,14.1285238,
Dominica,DMA,2011,14.35882046,
Dominica,DMA,2012,14.22729619,
Dominica,DMA,2013,14.11124235,
Dominica,DMA,2014,13.65825757,
Dominica,DMA,2015,16.78668336,
Dominica,DMA,2016,16.87333694,
Dominican Republic,DOM,1990,20.78255656,
Dominican Republic,DOM,1995,20.86861838,
Dominican Republic,DOM,2000,29.68920369,
Dominican Republic,DOM,2005,21.31152335,
Dominican Republic,DOM,2010,21.13667286,
Dominican Republic,DOM,2011,16.91944769,
Dominican Republic,DOM,2012,23.13019687,
Dominican Republic,DOM,2013,24.14629265,
Dominican Republic,DOM,2014,17.81656556,
Dominican Republic,DOM,2015,23.03187392,
Dominican Republic,DOM,2016,23.69819597,
Early-demographic dividend,,1990,48.41690837,
Early-demographic dividend,,1995,48.52451011,
Early-demographic dividend,,2000,49.52985576,
Early-demographic dividend,,2005,51.30695708,
Early-demographic dividend,,2010,50.99940702,
Early-demographic dividend,,2011,50.96956035,
Early-demographic dividend,,2012,52.13711231,
Early-demographic dividend,,2013,53.97559544,
Early-demographic dividend,,2014,55.00651638,
Early-demographic dividend,,2015,60.70343994,
Early-demographic dividend,,2016,61.05770377,
East Asia & Pacific,,1990,38.1742925,
East Asia & Pacific,,1995,38.81494513,
East Asia & Pacific,,2000,40.0389196,
East Asia & Pacific,,2005,43.68081725,
East Asia & Pacific,,2010,43.38382383,
East Asia & Pacific,,2011,42.68906974,
East Asia & Pacific,,2012,42.9344086,
East Asia & Pacific,,2013,42.88109146,
East Asia & Pacific,,2014,43.58427333,
East Asia & Pacific,,2015,42.66491235,
East Asia & Pacific,,2016,42.59346063,
East Asia & Pacific (IDA & IBRD),,1990,41.19139271,
East Asia & Pacific (IDA & IBRD),,1995,41.82776256,
East Asia & Pacific (IDA & IBRD),,2000,43.09484032,
East Asia & Pacific (IDA & IBRD),,2005,47.05022266,
East Asia & Pacific (IDA & IBRD),,2010,46.79070854,
East Asia & Pacific (IDA & IBRD),,2011,46.09263617,
East Asia & Pacific (IDA & IBRD),,2012,46.30338292,
East Asia & Pacific (IDA & IBRD),,2013,46.15306952,
East Asia & Pacific (IDA & IBRD),,2014,46.84965528,
East Asia & Pacific (IDA & IBRD),,2015,45.70240428,
East Asia & Pacific (IDA & IBRD),,2016,45.60601685,
East Asia & Pacific (excluding high income),,1990,41.05649649,
East Asia & Pacific (excluding high income),,1995,41.68132553,
East Asia & Pacific (excluding high income),,2000,42.93854484,
East Asia & Pacific (excluding high income),,2005,46.8560336,
East Asia & Pacific (excluding high income),,2010,46.59398957,
East Asia & Pacific (excluding high income),,2011,45.88454056,
East Asia & Pacific (excluding high income),,2012,46.10221838,
East Asia & Pacific (excluding high income),,2013,45.97061541,
East Asia & Pacific (excluding high income),,2014,46.67429113,
East Asia & Pacific (excluding high income),,2015,45.57948371,
East Asia & Pacific (excluding high income),,2016,45.48638831,
Ecuador,ECU,1990,17.48882935,
Ecuador,ECU,1995,17.90936007,
Ecuador,ECU,2000,17.95586219,
Ecuador,ECU,2005,19.4372738,
Ecuador,ECU,2010,14.25791705,
Ecuador,ECU,2011,16.50988467,
Ecuador,ECU,2012,15.89743296,
Ecuador,ECU,2013,15.98247769,
Ecuador,ECU,2014,13.81624759,
Ecuador,ECU,2015,13.14030724,
Ecuador,ECU,2016,13.1676851,
Egypt,EGY,1990,75.79211354,
Egypt,EGY,1995,72.35770416,
Egypt,EGY,2000,73.46044719,
Egypt,EGY,2005,79.47696481,
Egypt,EGY,2010,90.39277858,
Egypt,EGY,2011,89.03487372,
Egypt,EGY,2012,88.48692422,
Egypt,EGY,2013,95.0964039,
Egypt,EGY,2014,99.342872,
Egypt,EGY,2015,124.8751272,
Egypt,EGY,2016,126.0282315,
El Salvador,SLV,1990,39.38837995,
El Salvador,SLV,1995,40.17726223,
El Salvador,SLV,2000,42.76603676,
El Salvador,SLV,2005,38.67069653,
El Salvador,SLV,2010,31.39233355,
El Salvador,SLV,2011,33.48068947,
El Salvador,SLV,2012,37.90432737,
El Salvador,SLV,2013,36.60092575,
El Salvador,SLV,2014,36.82375177,
El Salvador,SLV,2015,33.62477089,
El Salvador,SLV,2016,33.38600558,
Equatorial Guinea,GNQ,1990,46.86056243,
Equatorial Guinea,GNQ,1995,47.17438371,
Equatorial Guinea,GNQ,2000,53.59755937,
Equatorial Guinea,GNQ,2005,41.06320396,
Equatorial Guinea,GNQ,2010,42.81012868,
Equatorial Guinea,GNQ,2011,46.5631495,
Equatorial Guinea,GNQ,2012,46.1882722,
Equatorial Guinea,GNQ,2013,45.71519832,
Equatorial Guinea,GNQ,2014,46.69405811,
Equatorial Guinea,GNQ,2015,69.06831572,
Equatorial Guinea,GNQ,2016,71.17976196,
Eritrea,ERI,1990,44.49359069,
Eritrea,ERI,1995,44.03549181,
Eritrea,ERI,2000,43.27105311,
Eritrea,ERI,2005,38.45636271,
Eritrea,ERI,2010,42.1165912,
Eritrea,ERI,2011,43.42152387,
Eritrea,ERI,2012,45.50252366,
Eritrea,ERI,2013,43.89339022,
Eritrea,ERI,2014,43.84186008,
Eritrea,ERI,2015,50.17587135,
Eritrea,ERI,2016,50.51448122,
Estonia,EST,1990,11.70100334,
Estonia,EST,1995,9.001119285,
Estonia,EST,2000,8.057205179,
Estonia,EST,2005,8.01575887,
Estonia,EST,2010,8.207549989,
Estonia,EST,2011,7.888997497,
Estonia,EST,2012,7.131966468,
Estonia,EST,2013,8.187581003,
Estonia,EST,2014,8.722447982,
Estonia,EST,2015,6.044276118,
Estonia,EST,2016,5.928305245,
Ethiopia,ETH,1990,36.01804875,
Ethiopia,ETH,1995,35.92437476,
Ethiopia,ETH,2000,35.45756102,
Ethiopia,ETH,2005,31.15968667,
Ethiopia,ETH,2010,34.07070547,
Ethiopia,ETH,2011,36.18446732,
Ethiopia,ETH,2012,37.4672798,
Ethiopia,ETH,2013,36.60847156,
Ethiopia,ETH,2014,36.30068316,
Ethiopia,ETH,2015,48.87739462,
Ethiopia,ETH,2016,49.73530571,
Euro area,,1990,16.32038645,
Euro area,,1995,14.5963628,
Euro area,,2000,13.57071993,
Euro area,,2005,12.9230605,
Euro area,,2010,13.05393014,
Euro area,,2011,12.95206926,
Euro area,,2012,12.8265325,
Euro area,,2013,13.40074489,
Euro area,,2014,13.76911992,
Euro area,,2015,13.07390299,
Euro area,,2016,13.03646873,
Europe & Central Asia,,1990,23.93818232,
Europe & Central Asia,,1995,19.61854193,
Europe & Central Asia,,2000,18.15646056,
Europe & Central Asia,,2005,16.72736595,
Europe & Central Asia,,2010,18.23222406,
Europe & Central Asia,,2011,17.96636399,
Europe & Central Asia,,2012,17.57533816,
Europe & Central Asia,,2013,18.22855963,
Europe & Central Asia,,2014,18.80083007,
Europe & Central Asia,,2015,19.05745626,
Europe & Central Asia,,2016,19.11012533,
Europe & Central Asia (IDA & IBRD),,1990,30.88828565,
Europe & Central Asia (IDA & IBRD),,1995,24.33686894,
Europe & Central Asia (IDA & IBRD),,2000,22.63314786,
Europe & Central Asia (IDA & IBRD),,2005,20.59147979,
Europe & Central Asia (IDA & IBRD),,2010,23.56582977,
Europe & Central Asia (IDA & IBRD),,2011,23.12349709,
Europe & Central Asia (IDA & IBRD),,2012,22.44771016,
Europe & Central Asia (IDA & IBRD),,2013,23.26840723,
Europe & Central Asia (IDA & IBRD),,2014,24.07028687,
Europe & Central Asia (IDA & IBRD),,2015,25.22127922,
Europe & Central Asia (IDA & IBRD),,2016,25.35797691,
Europe & Central Asia (excluding high income),,1990,29.50558553,
Europe & Central Asia (excluding high income),,1995,23.54124975,
Europe & Central Asia (excluding high income),,2000,22.32433381,
Europe & Central Asia (excluding high income),,2005,20.18048092,
Europe & Central Asia (excluding high income),,2010,23.25871321,
Europe & Central Asia (excluding high income),,2011,22.82358583,
Europe & Central Asia (excluding high income),,2012,22.31976956,
Europe & Central Asia (excluding high income),,2013,23.18144783,
Europe & Central Asia (excluding high income),,2014,24.0420204,
Europe & Central Asia (excluding high income),,2015,25.24440516,
Europe & Central Asia (excluding high income),,2016,25.39188267,
European Union,,1990,20.57773257,
European Union,,1995,17.15625781,
European Union,,2000,15.32613099,
European Union,,2005,14.29252986,
European Union,,2010,14.68981435,
European Union,,2011,14.53639633,
European Union,,2012,14.17843907,
European Union,,2013,14.63449785,
European Union,,2014,14.96850364,
European Union,,2015,14.43981618,
European Union,,2016,14.4043873,
Fiji,FJI,1990,8.636341397,
Fiji,FJI,1995,8.744470931,
Fiji,FJI,2000,8.705525699,
Fiji,FJI,2005,9.352825569,
Fiji,FJI,2010,6.894881454,
Fiji,FJI,2011,6.645543004,
Fiji,FJI,2012,6.929211802,
Fiji,FJI,2013,7.558222379,
Fiji,FJI,2014,7.21266699,
Fiji,FJI,2015,7.463997201,
Fiji,FJI,2016,7.658563742,
Finland,FIN,1990,7.837320293,
Finland,FIN,1995,7.31590418,
Finland,FIN,2000,7.095158683,
Finland,FIN,2005,6.907426427,
Finland,FIN,2010,7.053497676,
Finland,FIN,2011,6.847406326,
Finland,FIN,2012,6.581156469,
Finland,FIN,2013,6.903110324,
Finland,FIN,2014,7.121725297,
Finland,FIN,2015,6.277478339,
Finland,FIN,2016,6.234267477,
Fragile and conflict affected situations,,1990,43.90180272,
Fragile and conflict affected situations,,1995,43.69037513,
Fragile and conflict affected situations,,2000,44.36269612,
Fragile and conflict affected situations,,2005,41.69458772,
Fragile and conflict affected situations,,2010,44.18531936,
Fragile and conflict affected situations,,2011,45.16118722,
Fragile and conflict affected situations,,2012,45.83644179,
Fragile and conflict affected situations,,2013,44.43690098,
Fragile and conflict affected situations,,2014,43.04244374,
Fragile and conflict affected situations,,2015,54.75659188,
Fragile and conflict affected situations,,2016,55.6189291,
France,FRA,1990,14.16153898,
France,FRA,1995,13.2958188,
France,FRA,2000,12.60696745,
France,FRA,2005,12.26144966,
France,FRA,2010,12.24452775,
France,FRA,2011,12.21226676,
France,FRA,2012,12.26243778,
France,FRA,2013,12.29292695,
France,FRA,2014,12.33371972,
France,FRA,2015,11.89114342,
France,FRA,2016,11.8693378,
Gabon,GAB,1990,39.87521416,
Gabon,GAB,1995,39.63375958,
Gabon,GAB,2000,40.68072459,
Gabon,GAB,2005,34.2638191,
Gabon,GAB,2010,34.68608642,
Gabon,GAB,2011,36.03952388,
Gabon,GAB,2012,36.33613926,
Gabon,GAB,2013,36.82280925,
Gabon,GAB,2014,38.37100273,
Gabon,GAB,2015,46.8493988,
Gabon,GAB,2016,47.39460459,
Gambia,GMB,1990,66.30067137,
Gambia,GMB,1995,67.56722912,
Gambia,GMB,2000,66.89988823,
Gambia,GMB,2005,50.52084054,
Gambia,GMB,2010,60.8082427,
Gambia,GMB,2011,61.33203144,
Gambia,GMB,2012,57.61659951,
Gambia,GMB,2013,62.3219572,
Gambia,GMB,2014,59.44258905,
Gambia,GMB,2015,93.52615251,
Gambia,GMB,2016,95.04387071,
Georgia,GEO,1990,18.4505805,
Georgia,GEO,1995,15.14346513,
Georgia,GEO,2000,15.7141755,
Georgia,GEO,2005,16.52508618,
Georgia,GEO,2010,20.18089114,
Georgia,GEO,2011,19.82876918,
Georgia,GEO,2012,18.24222763,
Georgia,GEO,2013,19.27200038,
Georgia,GEO,2014,19.95653533,
Georgia,GEO,2015,20.65877042,
Georgia,GEO,2016,20.73469811,
Germany,DEU,1990,17.45020402,
Germany,DEU,1995,15.19721145,
Germany,DEU,2000,14.08351833,
Germany,DEU,2005,13.38973409,
Germany,DEU,2010,13.70080248,
Germany,DEU,2011,13.67664135,
Germany,DEU,2012,13.29677582,
Germany,DEU,2013,13.65809,
Germany,DEU,2014,13.86757086,
Germany,DEU,2015,13.47877046,
Germany,DEU,2016,13.45779609,
Ghana,GHA,1990,38.26246528,
Ghana,GHA,1995,37.25466245,
Ghana,GHA,2000,36.51177888,
Ghana,GHA,2005,27.11002356,
Ghana,GHA,2010,27.36923467,
Ghana,GHA,2011,29.82649418,
Ghana,GHA,2012,31.14770733,
Ghana,GHA,2013,27.54062519,
Ghana,GHA,2014,25.35736494,
Ghana,GHA,2015,52.08164538,
Ghana,GHA,2016,54.24258644,
Greece,GRC,1990,13.52606693,
Greece,GRC,1995,12.48765193,
Greece,GRC,2000,12.00997637,
Greece,GRC,2005,10.64788805,
Greece,GRC,2010,11.65492906,
Greece,GRC,2011,11.42753118,
Greece,GRC,2012,11.19010465,
Greece,GRC,2013,12.03058428,
Greece,GRC,2014,12.68018933,
Greece,GRC,2015,11.3746771,
Greece,GRC,2016,11.29831318,
Greenland,GRL,1990,6.153135879,
Greenland,GRL,1995,6.007827649,
Greenland,GRL,2000,6.063998304,
Greenland,GRL,2005,5.518072559,
Greenland,GRL,2010,4.891647643,
Greenland,GRL,2011,4.955245749,
Greenland,GRL,2012,4.902755307,
Greenland,GRL,2013,5.173268153,
Greenland,GRL,2014,5.207844433,
Greenland,GRL,2015,4.119723625,
Greenland,GRL,2016,4.0711839,
Grenada,GRD,1990,19.88205845,
Grenada,GRD,1995,19.84871993,
Grenada,GRD,2000,19.93201526,
Grenada,GRD,2005,16.84130558,
Grenada,GRD,2010,13.80401364,
Grenada,GRD,2011,13.49248188,
Grenada,GRD,2012,13.86777702,
Grenada,GRD,2013,14.54433349,
Grenada,GRD,2014,14.52271548,
Grenada,GRD,2015,17.88376265,
Grenada,GRD,2016,18.498453,
Guam,GUM,1990,8.154097103,
Guam,GUM,1995,8.107757685,
Guam,GUM,2000,8.341317416,
Guam,GUM,2005,8.602683607,
Guam,GUM,2010,7.512690751,
Guam,GUM,2011,7.585462949,
Guam,GUM,2012,7.731071453,
Guam,GUM,2013,8.017588922,
Guam,GUM,2014,7.503810012,
Guam,GUM,2015,8.601228603,
Guam,GUM,2016,8.591184589,
Guatemala,GTM,1990,35.38114487,
Guatemala,GTM,1995,36.06096883,
Guatemala,GTM,2000,38.68793901,
Guatemala,GTM,2005,37.3245657,
Guatemala,GTM,2010,28.8113768,
Guatemala,GTM,2011,29.3440755,
Guatemala,GTM,2012,33.39399256,
Guatemala,GTM,2013,32.89876199,
Guatemala,GTM,2014,33.22722384,
Guatemala,GTM,2015,28.70501653,
Guatemala,GTM,2016,28.5220862,
Guinea,GIN,1990,30.67275396,
Guinea,GIN,1995,30.55690308,
Guinea,GIN,2000,30.60681896,
Guinea,GIN,2005,26.25380472,
Guinea,GIN,2010,29.85396369,
Guinea,GIN,2011,31.56254677,
Guinea,GIN,2012,29.80558077,
Guinea,GIN,2013,27.59389372,
Guinea,GIN,2014,24.97530824,
Guinea,GIN,2015,44.54593968,
Guinea,GIN,2016,46.14092124,
Guinea-Bissau,GNB,1990,42.01388959,
Guinea-Bissau,GNB,1995,41.76754712,
Guinea-Bissau,GNB,2000,41.79025576,
Guinea-Bissau,GNB,2005,30.85131678,
Guinea-Bissau,GNB,2010,37.16174193,
Guinea-Bissau,GNB,2011,38.00647417,
Guinea-Bissau,GNB,2012,35.24015628,
Guinea-Bissau,GNB,2013,35.26529394,
Guinea-Bissau,GNB,2014,33.99979416,
Guinea-Bissau,GNB,2015,57.0180113,
Guinea-Bissau,GNB,2016,59.16484482,
Guyana,GUY,1990,26.12638273,
Guyana,GUY,1995,26.07623114,
Guyana,GUY,2000,26.71282476,
Guyana,GUY,2005,18.16843947,
Guyana,GUY,2010,15.11364962,
Guyana,GUY,2011,16.40741283,
Guyana,GUY,2012,17.89131994,
Guyana,GUY,2013,18.69227081,
Guyana,GUY,2014,17.91682885,
Guyana,GUY,2015,19.72081463,
Guyana,GUY,2016,19.74407395,
Haiti,HTI,1990,30.94496096,
Haiti,HTI,1995,30.95201421,
Haiti,HTI,2000,30.78179081,
Haiti,HTI,2005,30.09408813,
Haiti,HTI,2010,22.58133699,
Haiti,HTI,2011,23.41178365,
Haiti,HTI,2012,24.0334571,
Haiti,HTI,2013,25.1970746,
Haiti,HTI,2014,25.18378266,
Haiti,HTI,2015,23.61471928,
Haiti,HTI,2016,23.54804717,
Heavily indebted poor countries (HIPC),,1990,45.3881764,
Heavily indebted poor countries (HIPC),,1995,45.17660042,
Heavily indebted poor countries (HIPC),,2000,45.40672231,
Heavily indebted poor countries (HIPC),,2005,40.52578241,
Heavily indebted poor countries (HIPC),,2010,39.76498762,
Heavily indebted poor countries (HIPC),,2011,42.03783095,
Heavily indebted poor countries (HIPC),,2012,42.34933829,
Heavily indebted poor countries (HIPC),,2013,40.91903347,
Heavily indebted poor countries (HIPC),,2014,39.37122247,
Heavily indebted poor countries (HIPC),,2015,57.97667885,
Heavily indebted poor countries (HIPC),,2016,59.57101787,
High income,,1990,17.68044979,
High income,,1995,16.32407169,
High income,,2000,15.95137564,
High income,,2005,15.86009179,
High income,,2010,16.67955541,
High income,,2011,16.5860562,
High income,,2012,16.82706186,
High income,,2013,16.82292027,
High income,,2014,16.80553855,
High income,,2015,19.24790522,
High income,,2016,19.50299971,
Honduras,HND,1990,35.64521873,
Honduras,HND,1995,35.8994714,
Honduras,HND,2000,37.28007801,
Honduras,HND,2005,40.22052972,
Honduras,HND,2010,32.04558647,
Honduras,HND,2011,33.99040551,
Honduras,HND,2012,39.3399096,
Honduras,HND,2013,36.93455995,
Honduras,HND,2014,37.23794039,
Honduras,HND,2015,29.80712654,
Honduras,HND,2016,29.49751121,
Hungary,HUN,1990,38.42712306,
Hungary,HUN,1995,28.60950776,
Hungary,HUN,2000,24.30553849,
Hungary,HUN,2005,21.82557266,
Hungary,HUN,2010,22.83025798,
Hungary,HUN,2011,21.75244968,
Hungary,HUN,2012,20.76121955,
Hungary,HUN,2013,20.93673978,
Hungary,HUN,2014,21.9559999,
Hungary,HUN,2015,24.43899041,
Hungary,HUN,2016,24.57068163,
IBRD only,,1990,42.55577089,
IBRD only,,1995,42.50823111,
IBRD only,,2000,43.6239417,
IBRD only,,2005,46.27532696,
IBRD only,,2010,46.34524278,
IBRD only,,2011,45.79098623,
IBRD only,,2012,46.38798155,
IBRD only,,2013,47.28461154,
IBRD only,,2014,48.43303254,
IBRD only,,2015,49.99920327,
IBRD only,,2016,50.12143683,
IDA & IBRD total,,1990,44.661873,
IDA & IBRD total,,1995,44.54936139,
IDA & IBRD total,,2000,45.52398751,
IDA & IBRD total,,2005,46.94840278,
IDA & IBRD total,,2010,46.7201487,
IDA & IBRD total,,2011,46.6839369,
IDA & IBRD total,,2012,47.15478952,
IDA & IBRD total,,2013,47.77424719,
IDA & IBRD total,,2014,48.28865058,
IDA & IBRD total,,2015,54.61365975,
IDA & IBRD total,,2016,55.20093392,
IDA blend,,1990,65.12559622,
IDA blend,,1995,62.84461293,
IDA blend,,2000,62.44616972,
IDA blend,,2005,53.99322354,
IDA blend,,2010,49.81924996,
IDA blend,,2011,51.50278179,
IDA blend,,2012,50.38924702,
IDA blend,,2013,49.39677049,
IDA blend,,2014,47.55868394,
IDA blend,,2015,81.21285147,
IDA blend,,2016,84.39924063,
IDA only,,1990,47.39280953,
IDA only,,1995,47.30181626,
IDA only,,2000,47.54676727,
IDA only,,2005,46.93754808,
IDA only,,2010,46.99994529,
IDA only,,2011,48.55593646,
IDA only,,2012,49.17122679,
IDA only,,2013,49.25216948,
IDA only,,2014,47.98659757,
IDA only,,2015,62.36221927,
IDA only,,2016,63.46949527,
IDA total,,1990,53.36296345,
IDA total,,1995,52.50508334,
IDA total,,2000,52.50613921,
IDA total,,2005,49.26840178,
IDA total,,2010,47.93086253,
IDA total,,2011,49.52990218,
IDA total,,2012,49.5753169,
IDA total,,2013,49.30017381,
IDA total,,2014,47.84444936,
IDA total,,2015,68.62731784,
IDA total,,2016,70.42785816,
Iceland,ISL,1990,8.383004442,
Iceland,ISL,1995,8.155394479,
Iceland,ISL,2000,8.017660969,
Iceland,ISL,2005,7.909837903,
Iceland,ISL,2010,7.825275273,
Iceland,ISL,2011,7.726058355,
Iceland,ISL,2012,7.666083737,
Iceland,ISL,2013,7.612809419,
Iceland,ISL,2014,7.70742701,
Iceland,ISL,2015,7.328427794,
Iceland,ISL,2016,7.29839004,
India,IND,1990,59.84544748,
India,IND,1995,60.58914087,
India,IND,2000,61.49089462,
India,IND,2005,65.65708764,
India,IND,2010,64.6018316,
India,IND,2011,63.86713075,
India,IND,2012,66.06940362,
India,IND,2013,68.95144345,
India,IND,2014,71.6126213,
India,IND,2015,75.58285651,
India,IND,2016,75.80079116,
Indonesia,IDN,1990,16.6194906,
Indonesia,IDN,1995,16.65081818,
Indonesia,IDN,2000,16.4752613,
Indonesia,IDN,2005,17.09928396,
Indonesia,IDN,2010,14.48777295,
Indonesia,IDN,2011,14.83012943,
Indonesia,IDN,2012,14.9313054,
Indonesia,IDN,2013,15.55720964,
Indonesia,IDN,2014,15.22209,
Indonesia,IDN,2015,16.66132887,
Indonesia,IDN,2016,16.74598218,
Iran,IRN,1990,49.40913106,
Iran,IRN,1995,47.23030764,
Iran,IRN,2000,48.02288409,
Iran,IRN,2005,37.20485182,
Iran,IRN,2010,48.09895954,
Iran,IRN,2011,46.63054868,
Iran,IRN,2012,45.37709499,
Iran,IRN,2013,44.7825929,
Iran,IRN,2014,43.6716967,
Iran,IRN,2015,48.62328795,
Iran,IRN,2016,48.95476643,
Iraq,IRQ,1990,51.40335223,
Iraq,IRQ,1995,50.16087333,
Iraq,IRQ,2000,50.87116782,
Iraq,IRQ,2005,54.96987946,
Iraq,IRQ,2010,90.64910085,
Iraq,IRQ,2011,83.90684401,
Iraq,IRQ,2012,78.5580789,
Iraq,IRQ,2013,66.25433245,
Iraq,IRQ,2014,58.86071758,
Iraq,IRQ,2015,72.28199895,
Iraq,IRQ,2016,73.25872705,
Ireland,IRL,1990,10.79960837,
Ireland,IRL,1995,10.27712071,
Ireland,IRL,2000,9.836224115,
Ireland,IRL,2005,9.27111005,
Ireland,IRL,2010,9.300440639,
Ireland,IRL,2011,9.337308141,
Ireland,IRL,2012,9.570871974,
Ireland,IRL,2013,9.618334486,
Ireland,IRL,2014,9.709258896,
Ireland,IRL,2015,9.188586923,
Ireland,IRL,2016,9.168633218,
Israel,ISR,1990,17.5398421,
Israel,ISR,1995,16.92164887,
Israel,ISR,2000,16.97644388,
Israel,ISR,2005,16.53524716,
Israel,ISR,2010,17.85970443,
Israel,ISR,2011,17.58477089,
Israel,ISR,2012,17.76826385,
Israel,ISR,2013,18.708741,
Israel,ISR,2014,19.70924373,
Israel,ISR,2015,18.76107386,
Israel,ISR,2016,18.6846113,
Italy,ITA,1990,18.5333576,
Italy,ITA,1995,16.83763778,
Italy,ITA,2000,15.43968063,
Italy,ITA,2005,14.22404438,
Italy,ITA,2010,14.65365787,
Italy,ITA,2011,14.38544874,
Italy,ITA,2012,14.56317325,
Italy,ITA,2013,16.64526049,
Italy,ITA,2014,17.90856333,
Italy,ITA,2015,15.6038313,
Italy,ITA,2016,15.48360452,
Jamaica,JAM,1990,20.74004726,
Jamaica,JAM,1995,20.54659844,
Jamaica,JAM,2000,20.50323924,
Jamaica,JAM,2005,19.95627433,
Jamaica,JAM,2010,13.66214002,
Jamaica,JAM,2011,14.39382648,
Jamaica,JAM,2012,15.6580613,
Jamaica,JAM,2013,17.04800504,
Jamaica,JAM,2014,16.79429168,
Jamaica,JAM,2015,15.12454409,
Jamaica,JAM,2016,15.07163593,
Japan,JPN,1990,12.72029551,
Japan,JPN,1995,12.53474423,
Japan,JPN,2000,12.44150059,
Japan,JPN,2005,13.20843083,
Japan,JPN,2010,12.3396445,
Japan,JPN,2011,11.78769301,
Japan,JPN,2012,11.97395136,
Japan,JPN,2013,12.40134558,
Japan,JPN,2014,12.88270204,
Japan,JPN,2015,13.14884605,
Japan,JPN,2016,13.15839601,
Jordan,JOR,1990,31.7789707,
Jordan,JOR,1995,30.47491121,
Jordan,JOR,2000,29.75200372,
Jordan,JOR,2005,29.10229761,
Jordan,JOR,2010,36.03160521,
Jordan,JOR,2011,34.77712659,
Jordan,JOR,2012,34.64811225,
Jordan,JOR,2013,35.45866731,
Jordan,JOR,2014,37.0992709,
Jordan,JOR,2015,37.25146683,
Jordan,JOR,2016,37.21426017,
Kazakhstan,KAZ,1990,20.3331216,
Kazakhstan,KAZ,1995,16.38865443,
Kazakhstan,KAZ,2000,16.57645457,
Kazakhstan,KAZ,2005,15.03851973,
Kazakhstan,KAZ,2010,16.88057431,
Kazakhstan,KAZ,2011,17.19136369,
Kazakhstan,KAZ,2012,18.16313295,
Kazakhstan,KAZ,2013,18.29790032,
Kazakhstan,KAZ,2014,19.16547877,
Kazakhstan,KAZ,2015,19.62140375,
Kazakhstan,KAZ,2016,19.65590442,
Kenya,KEN,1990,16.45132261,
Kenya,KEN,1995,16.46324786,
Kenya,KEN,2000,16.19036503,
Kenya,KEN,2005,15.13483841,
Kenya,KEN,2010,15.05463734,
Kenya,KEN,2011,16.11074162,
Kenya,KEN,2012,16.65150096,
Kenya,KEN,2013,16.72335939,
Kenya,KEN,2014,16.52198912,
Kenya,KEN,2015,16.27427954,
Kenya,KEN,2016,16.29493079,
Kiribati,KIR,1990,4.437540758,
Kiribati,KIR,1995,4.453825863,
Kiribati,KIR,2000,4.421111575,
Kiribati,KIR,2005,4.233118705,
Kiribati,KIR,2010,3.4420423,
Kiribati,KIR,2011,3.366325147,
Kiribati,KIR,2012,3.29089287,
Kiribati,KIR,2013,3.290815768,
Kiribati,KIR,2014,3.40083002,
Kiribati,KIR,2015,4.050094212,
Kiribati,KIR,2016,4.08635963,
Kuwait,KWT,1990,64.58325202,
Kuwait,KWT,1995,62.91946701,
Kuwait,KWT,2000,66.20870995,
Kuwait,KWT,2005,65.62614533,
Kuwait,KWT,2010,104.6374775,
Kuwait,KWT,2011,102.6828338,
Kuwait,KWT,2012,103.7015762,
Kuwait,KWT,2013,87.17466011,
Kuwait,KWT,2014,76.9328313,
Kuwait,KWT,2015,109.0799096,
Kuwait,KWT,2016,110.9572166,
Kyrgyzstan,KGZ,1990,16.91442171,
Kyrgyzstan,KGZ,1995,14.8626667,
Kyrgyzstan,KGZ,2000,14.94197645,
Kyrgyzstan,KGZ,2005,14.92413925,
Kyrgyzstan,KGZ,2010,15.87360177,
Kyrgyzstan,KGZ,2011,15.84163591,
Kyrgyzstan,KGZ,2012,16.1688653,
Kyrgyzstan,KGZ,2013,15.95097184,
Kyrgyzstan,KGZ,2014,16.76414647,
Kyrgyzstan,KGZ,2015,17.82394854,
Kyrgyzstan,KGZ,2016,17.91030372,
Laos,LAO,1990,26.5431909,
Laos,LAO,1995,26.8563102,
Laos,LAO,2000,27.03925708,
Laos,LAO,2005,30.02604695,
Laos,LAO,2010,28.02978927,
Laos,LAO,2011,28.62081501,
Laos,LAO,2012,28.97799878,
Laos,LAO,2013,30.86139418,
Laos,LAO,2014,31.06990721,
Laos,LAO,2015,27.90868457,
Laos,LAO,2016,27.67258925,
Late-demographic dividend,,1990,38.86357942,
Late-demographic dividend,,1995,38.6803641,
Late-demographic dividend,,2000,39.7850234,
Late-demographic dividend,,2005,42.84479537,
Late-demographic dividend,,2010,43.369909,
Late-demographic dividend,,2011,42.71320727,
Late-demographic dividend,,2012,42.79883885,
Late-demographic dividend,,2013,42.63107391,
Late-demographic dividend,,2014,43.34866923,
Late-demographic dividend,,2015,42.74563079,
Late-demographic dividend,,2016,42.72356042,
Latin America & Caribbean,,1990,21.00917027,
Latin America & Caribbean,,1995,21.71023503,
Latin America & Caribbean,,2000,23.12286534,
Latin America & Caribbean,,2005,21.82409698,
Latin America & Caribbean,,2010,17.20849436,
Latin America & Caribbean,,2011,17.83017063,
Latin America & Caribbean,,2012,18.26348112,
Latin America & Caribbean,,2013,18.29834038,
Latin America & Caribbean,,2014,17.88566983,
Latin America & Caribbean,,2015,17.73414894,
Latin America & Caribbean,,2016,17.76621948,
Latin America & Caribbean (IDA & IBRD),,1990,20.98198334,
Latin America & Caribbean (IDA & IBRD),,1995,21.72610142,
Latin America & Caribbean (IDA & IBRD),,2000,23.14750448,
Latin America & Caribbean (IDA & IBRD),,2005,21.87208123,
Latin America & Caribbean (IDA & IBRD),,2010,17.24519639,
Latin America & Caribbean (IDA & IBRD),,2011,17.88218778,
Latin America & Caribbean (IDA & IBRD),,2012,18.26920741,
Latin America & Caribbean (IDA & IBRD),,2013,18.29240864,
Latin America & Caribbean (IDA & IBRD),,2014,17.89365626,
Latin America & Caribbean (IDA & IBRD),,2015,17.74283187,
Latin America & Caribbean (IDA & IBRD),,2016,17.77749,
Latin America & Caribbean (excluding high income),,1990,21.57478765,
Latin America & Caribbean (excluding high income),,1995,22.32570257,
Latin America & Caribbean (excluding high income),,2000,23.88836789,
Latin America & Caribbean (excluding high income),,2005,22.51445274,
Latin America & Caribbean (excluding high income),,2010,17.40946742,
Latin America & Caribbean (excluding high income),,2011,18.14306209,
Latin America & Caribbean (excluding high income),,2012,18.59112497,
Latin America & Caribbean (excluding high income),,2013,18.66582132,
Latin America & Caribbean (excluding high income),,2014,18.2174875,
Latin America & Caribbean (excluding high income),,2015,17.93858888,
Latin America & Caribbean (excluding high income),,2016,17.97075393,
Latvia,LVA,1990,30.22793157,
Latvia,LVA,1995,21.75153924,
Latvia,LVA,2000,18.22780773,
Latvia,LVA,2005,17.43601247,
Latvia,LVA,2010,18.37391687,
Latvia,LVA,2011,17.83306993,
Latvia,LVA,2012,16.11371497,
Latvia,LVA,2013,18.33503131,
Latvia,LVA,2014,19.27471352,
Latvia,LVA,2015,14.83109746,
Latvia,LVA,2016,14.58800713,
Least developed countries: UN classification,,1990,48.30191477,
Least developed countries: UN classification,,1995,48.3916391,
Least developed countries: UN classification,,2000,48.74511216,
Least developed countries: UN classification,,2005,48.49125662,
Least developed countries: UN classification,,2010,48.22638789,
Least developed countries: UN classification,,2011,49.80713883,
Least developed countries: UN classification,,2012,50.35987511,
Least developed countries: UN classification,,2013,50.64611237,
Least developed countries: UN classification,,2014,49.38992049,
Least developed countries: UN classification,,2015,63.29824204,
Least developed countries: UN classification,,2016,64.34249463,
Lebanon,LBN,1990,24.66313941,
Lebanon,LBN,1995,23.32222625,
Lebanon,LBN,2000,24.64528177,
Lebanon,LBN,2005,24.71340316,
Lebanon,LBN,2010,28.43571762,
Lebanon,LBN,2011,27.60849514,
Lebanon,LBN,2012,27.13062785,
Lebanon,LBN,2013,28.87060247,
Lebanon,LBN,2014,30.4874614,
Lebanon,LBN,2015,32.38107828,
Lebanon,LBN,2016,32.5648296,
Lesotho,LSO,1990,25.21387635,
Lesotho,LSO,1995,26.30175367,
Lesotho,LSO,2000,28.00434675,
Lesotho,LSO,2005,26.42455658,
Lesotho,LSO,2010,22.4266791,
Lesotho,LSO,2011,22.16087088,
Lesotho,LSO,2012,22.2083546,
Lesotho,LSO,2013,22.99219851,
Lesotho,LSO,2014,23.59353009,
Lesotho,LSO,2015,26.45949794,
Lesotho,LSO,2016,26.91822469,
Liberia,LBR,1990,10.55666562,
Liberia,LBR,1995,10.41206293,
Liberia,LBR,2000,10.55544762,
Liberia,LBR,2005,9.51661084,
Liberia,LBR,2010,9.573018432,
Liberia,LBR,2011,10.68294058,
Liberia,LBR,2012,11.18637144,
Liberia,LBR,2013,10.08366574,
Liberia,LBR,2014,8.988467195,
Liberia,LBR,2015,16.7520359,
Liberia,LBR,2016,17.33233534,
Libya,LBY,1990,56.50022255,
Libya,LBY,1995,54.46612641,
Libya,LBY,2000,54.24796719,
Libya,LBY,2005,54.06107529,
Libya,LBY,2010,67.4866563,
Libya,LBY,2011,60.90548243,
Libya,LBY,2012,58.40124824,
Libya,LBY,2013,64.02403741,
Libya,LBY,2014,70.85585708,
Libya,LBY,2015,64.42572907,
Libya,LBY,2016,63.71676049,
Lithuania,LTU,1990,30.95540056,
Lithuania,LTU,1995,22.22714809,
Lithuania,LTU,2000,18.50148035,
Lithuania,LTU,2005,17.51445837,
Lithuania,LTU,2010,18.77787061,
Lithuania,LTU,2011,18.69257015,
Lithuania,LTU,2012,16.8817909,
Lithuania,LTU,2013,18.5025538,
Lithuania,LTU,2014,18.91473755,
Lithuania,LTU,2015,16.79026435,
Lithuania,LTU,2016,16.71785779,
Low & middle income,,1990,44.88593965,
Low & middle income,,1995,44.86974038,
Low & middle income,,2000,45.89761906,
Low & middle income,,2005,47.34347842,
Low & middle income,,2010,47.08427433,
Low & middle income,,2011,47.04397403,
Low & middle income,,2012,47.53994787,
Low & middle income,,2013,48.17158093,
Low & middle income,,2014,48.69272646,
Low & middle income,,2015,55.08590768,
Low & middle income,,2016,55.67642413,
Low income,,1990,43.43105316,
Low income,,1995,43.20325693,
Low income,,2000,43.60606633,
Low income,,2005,39.3673698,
Low income,,2010,39.92547769,
Low income,,2011,41.84844148,
Low income,,2012,42.30843982,
Low income,,2013,41.49798594,
Low income,,2014,40.32689473,
Low income,,2015,55.55797199,
Low income,,2016,56.89226871,
Lower middle income,,1990,51.6056191,
Lower middle income,,1995,51.4522911,
Lower middle income,,2000,52.08488252,
Lower middle income,,2005,53.93524506,
Lower middle income,,2010,52.65260665,
Lower middle income,,2011,52.71368875,
Lower middle income,,2012,53.65255997,
Lower middle income,,2013,55.38216754,
Lower middle income,,2014,56.29303089,
Lower middle income,,2015,66.41241488,
Lower middle income,,2016,67.26213815,
Luxembourg,LUX,1990,20.37197092,
Luxembourg,LUX,1995,18.29876501,
Luxembourg,LUX,2000,17.00776337,
Luxembourg,LUX,2005,16.23887141,
Luxembourg,LUX,2010,16.39543247,
Luxembourg,LUX,2011,16.38822631,
Luxembourg,LUX,2012,16.13481345,
Luxembourg,LUX,2013,16.32935393,
Luxembourg,LUX,2014,16.53551896,
Luxembourg,LUX,2015,16.09981017,
Luxembourg,LUX,2016,16.09727607,
Macedonia,MKD,1990,51.25836115,
Macedonia,MKD,1995,41.40904416,
Macedonia,MKD,2000,35.62368649,
Macedonia,MKD,2005,28.93981404,
Macedonia,MKD,2010,34.624971,
Macedonia,MKD,2011,35.00217644,
Macedonia,MKD,2012,34.102011,
Macedonia,MKD,2013,36.52357284,
Macedonia,MKD,2014,38.42067801,
Macedonia,MKD,2015,32.26825562,
Macedonia,MKD,2016,31.92141254,
Madagascar,MDG,1990,18.83225423,
Madagascar,MDG,1995,19.15862538,
Madagascar,MDG,2000,19.35702443,
Madagascar,MDG,2005,18.27589466,
Madagascar,MDG,2010,17.30303238,
Madagascar,MDG,2011,17.23682669,
Madagascar,MDG,2012,18.17198277,
Madagascar,MDG,2013,18.3703475,
Madagascar,MDG,2014,19.13997469,
Madagascar,MDG,2015,21.37734361,
Madagascar,MDG,2016,21.47496474,
Malawi,MWI,1990,29.31014262,
Malawi,MWI,1995,29.01830136,
Malawi,MWI,2000,29.173683,
Malawi,MWI,2005,29.37628205,
Malawi,MWI,2010,26.57697227,
Malawi,MWI,2011,27.80054692,
Malawi,MWI,2012,27.8193108,
Malawi,MWI,2013,27.5908721,
Malawi,MWI,2014,26.52151381,
Malawi,MWI,2015,28.14745929,
Malawi,MWI,2016,28.25982321,
Malaysia,MYS,1990,15.52253541,
Malaysia,MYS,1995,15.71195053,
Malaysia,MYS,2000,15.93305047,
Malaysia,MYS,2005,19.76593023,
Malaysia,MYS,2010,15.25899256,
Malaysia,MYS,2011,15.4284252,
Malaysia,MYS,2012,15.60522346,
Malaysia,MYS,2013,16.0614619,
Malaysia,MYS,2014,15.52523098,
Malaysia,MYS,2015,17.46735394,
Malaysia,MYS,2016,17.60771452,
Maldives,MDV,1990,29.43985603,
Maldives,MDV,1995,29.72296376,
Maldives,MDV,2000,29.60027326,
Maldives,MDV,2005,31.43064892,
Maldives,MDV,2010,24.95096346,
Maldives,MDV,2011,24.80038521,
Maldives,MDV,2012,25.86270859,
Maldives,MDV,2013,27.22737346,
Maldives,MDV,2014,28.68748068,
Maldives,MDV,2015,26.77585219,
Maldives,MDV,2016,26.86188561,
Mali,MLI,1990,62.55096156,
Mali,MLI,1995,61.63548228,
Mali,MLI,2000,60.20933585,
Mali,MLI,2005,53.89666531,
Mali,MLI,2010,60.13399067,
Mali,MLI,2011,64.97188686,
Mali,MLI,2012,57.50904969,
Mali,MLI,2013,53.48736921,
Mali,MLI,2014,48.01233926,
Mali,MLI,2015,88.60765606,
Mali,MLI,2016,92.21011675,
Malta,MLT,1990,14.46668985,
Malta,MLT,1995,13.83328922,
Malta,MLT,2000,13.35130758,
Malta,MLT,2005,11.82843452,
Malta,MLT,2010,14.60300658,
Malta,MLT,2011,13.45396388,
Malta,MLT,2012,12.62667328,
Malta,MLT,2013,13.59972996,
Malta,MLT,2014,14.46449159,
Malta,MLT,2015,12.31965894,
Malta,MLT,2016,12.14084395,
Marshall Islands,MHL,1990,11.11492691,
Marshall Islands,MHL,1995,10.84791661,
Marshall Islands,MHL,2000,10.96557652,
Marshall Islands,MHL,2005,12.39448346,
Marshall Islands,MHL,2010,9.818425412,
Marshall Islands,MHL,2011,10.18995832,
Marshall Islands,MHL,2012,10.2983498,
Marshall Islands,MHL,2013,9.989903722,
Marshall Islands,MHL,2014,10.45563963,
Marshall Islands,MHL,2015,10.74196537,
Marshall Islands,MHL,2016,11.08607034,
Mauritania,MRT,1990,97.55963452,
Mauritania,MRT,1995,96.17461284,
Mauritania,MRT,2000,95.7907322,
Mauritania,MRT,2005,65.71020583,
Mauritania,MRT,2010,74.57836522,
Mauritania,MRT,2011,79.6210853,
Mauritania,MRT,2012,79.95637703,
Mauritania,MRT,2013,83.88976969,
Mauritania,MRT,2014,82.44317812,
Mauritania,MRT,2015,121.2563791,
Mauritania,MRT,2016,123.6345844,
Mauritius,MUS,1990,17.87256889,
Mauritius,MUS,1995,17.94673113,
Mauritius,MUS,2000,18.18012413,
Mauritius,MUS,2005,18.60937701,
Mauritius,MUS,2010,13.69960924,
Mauritius,MUS,2011,13.6939576,
Mauritius,MUS,2012,14.14135542,
Mauritius,MUS,2013,14.46475986,
Mauritius,MUS,2014,14.69609681,
Mauritius,MUS,2015,14.43773911,
Mauritius,MUS,2016,14.46305346,
Mexico,MEX,1990,24.5741583,
Mexico,MEX,1995,26.57134319,
Mexico,MEX,2000,28.93986149,
Mexico,MEX,2005,26.04260693,
Mexico,MEX,2010,20.24498259,
Mexico,MEX,2011,20.5489458,
Mexico,MEX,2012,21.6112243,
Mexico,MEX,2013,20.75377098,
Mexico,MEX,2014,20.45820491,
Mexico,MEX,2015,18.90809872,
Mexico,MEX,2016,18.82910389,
Micronesia (country),FSM,1990,9.366829378,
Micronesia (country),FSM,1995,9.436386506,
Micronesia (country),FSM,2000,9.334330495,
Micronesia (country),FSM,2005,9.668693802,
Micronesia (country),FSM,2010,7.194825282,
Micronesia (country),FSM,2011,6.861860026,
Micronesia (country),FSM,2012,7.052250773,
Micronesia (country),FSM,2013,7.42155694,
Micronesia (country),FSM,2014,7.276691448,
Micronesia (country),FSM,2015,8.50110507,
Micronesia (country),FSM,2016,8.667210756,
Middle East & North Africa,,1990,51.93406378,
Middle East & North Africa,,1995,50.17008317,
Middle East & North Africa,,2000,51.30933309,
Middle East & North Africa,,2005,49.54602807,
Middle East & North Africa,,2010,61.83969008,
Middle East & North Africa,,2011,60.83703028,
Middle East & North Africa,,2012,61.10465376,
Middle East & North Africa,,2013,61.00537857,
Middle East & North Africa,,2014,60.71335296,
Middle East & North Africa,,2015,76.61627467,
Middle East & North Africa,,2016,77.68312942,
Middle East & North Africa (IDA & IBRD),,1990,50.0318232,
Middle East & North Africa (IDA & IBRD),,1995,48.2000533,
Middle East & North Africa (IDA & IBRD),,2000,48.73322672,
Middle East & North Africa (IDA & IBRD),,2005,46.69254876,
Middle East & North Africa (IDA & IBRD),,2010,56.82539768,
Middle East & North Africa (IDA & IBRD),,2011,55.58399951,
Middle East & North Africa (IDA & IBRD),,2012,55.2194905,
Middle East & North Africa (IDA & IBRD),,2013,56.16965733,
Middle East & North Africa (IDA & IBRD),,2014,56.86785036,
Middle East & North Africa (IDA & IBRD),,2015,67.98453713,
Middle East & North Africa (IDA & IBRD),,2016,68.66437041,
Middle East & North Africa (excluding high income),,1990,49.74977244,
Middle East & North Africa (excluding high income),,1995,47.8970497,
Middle East & North Africa (excluding high income),,2000,48.40395673,
Middle East & North Africa (excluding high income),,2005,46.36619971,
Middle East & North Africa (excluding high income),,2010,56.38722675,
Middle East & North Africa (excluding high income),,2011,55.15003344,
Middle East & North Africa (excluding high income),,2012,54.78528433,
Middle East & North Africa (excluding high income),,2013,55.7288907,
Middle East & North Africa (excluding high income),,2014,56.42483531,
Middle East & North Africa (excluding high income),,2015,67.39456808,
Middle East & North Africa (excluding high income),,2016,68.05830183,
Middle income,,1990,45.01754997,
Middle income,,1995,45.03022289,
Middle income,,2000,46.13268033,
Middle income,,2005,48.22554953,
Middle income,,2010,47.94035637,
Middle income,,2011,47.67435889,
Middle income,,2012,48.17915694,
Middle income,,2013,48.99838775,
Middle income,,2014,49.74370269,
Middle income,,2015,55.02576047,
Middle income,,2016,55.51928024,
Moldova,MDA,1990,36.00181716,
Moldova,MDA,1995,26.18015238,
Moldova,MDA,2000,21.87421897,
Moldova,MDA,2005,18.55471967,
Moldova,MDA,2010,20.63694454,
Moldova,MDA,2011,21.20365392,
Moldova,MDA,2012,20.97963245,
Moldova,MDA,2013,20.65795856,
Moldova,MDA,2014,20.59364065,
Moldova,MDA,2015,20.0195119,
Moldova,MDA,2016,19.94321337,
Mongolia,MNG,1990,17.88306993,
Mongolia,MNG,1995,16.11610265,
Mongolia,MNG,2000,19.17056726,
Mongolia,MNG,2005,18.42323886,
Mongolia,MNG,2010,20.2654464,
Mongolia,MNG,2011,20.34525967,
Mongolia,MNG,2012,21.64224935,
Mongolia,MNG,2013,22.23737365,
Mongolia,MNG,2014,22.93980543,
Mongolia,MNG,2015,29.18883961,
Mongolia,MNG,2016,29.68500129,
Montenegro,MNE,1990,24.03445969,
Montenegro,MNE,1995,19.85490982,
Montenegro,MNE,2000,18.51792395,
Montenegro,MNE,2005,17.30957164,
Montenegro,MNE,2010,21.25855141,
Montenegro,MNE,2011,21.09495414,
Montenegro,MNE,2012,20.73735725,
Montenegro,MNE,2013,21.93520348,
Montenegro,MNE,2014,22.60214939,
Montenegro,MNE,2015,20.47690348,
Montenegro,MNE,2016,20.35568996,
Morocco,MAR,1990,22.30340003,
Morocco,MAR,1995,21.94460647,
Morocco,MAR,2000,21.72013726,
Morocco,MAR,2005,21.33518559,
Morocco,MAR,2010,19.78133786,
Morocco,MAR,2011,19.00413626,
Morocco,MAR,2012,18.68418844,
Morocco,MAR,2013,19.95759401,
Morocco,MAR,2014,21.38878041,
Morocco,MAR,2015,25.2243101,
Morocco,MAR,2016,25.41198462,
Mozambique,MOZ,1990,22.52124762,
Mozambique,MOZ,1995,22.44978673,
Mozambique,MOZ,2000,22.75827743,
Mozambique,MOZ,2005,22.56519477,
Mozambique,MOZ,2010,19.68915761,
Mozambique,MOZ,2011,20.02058999,
Mozambique,MOZ,2012,20.10015902,
Mozambique,MOZ,2013,19.946891,
Mozambique,MOZ,2014,19.7598785,
Mozambique,MOZ,2015,20.9257274,
Mozambique,MOZ,2016,20.98722687,
Myanmar,MMR,1990,43.70187919,
Myanmar,MMR,1995,43.81687036,
Myanmar,MMR,2000,44.22720795,
Myanmar,MMR,2005,48.00108952,
Myanmar,MMR,2010,45.83416678,
Myanmar,MMR,2011,45.92249515,
Myanmar,MMR,2012,48.22689036,
Myanmar,MMR,2013,51.11291316,
Myanmar,MMR,2014,52.42839285,
Myanmar,MMR,2015,49.0184174,
Myanmar,MMR,2016,48.81135881,
Namibia,NAM,1990,25.93031756,
Namibia,NAM,1995,25.14076736,
Namibia,NAM,2000,27.16633918,
Namibia,NAM,2005,25.530622,
Namibia,NAM,2010,22.7214165,
Namibia,NAM,2011,22.76251873,
Namibia,NAM,2012,22.69399796,
Namibia,NAM,2013,21.87600613,
Namibia,NAM,2014,21.77826392,
Namibia,NAM,2015,25.59247971,
Namibia,NAM,2016,25.89244374,
Nepal,NPL,1990,56.14553857,
Nepal,NPL,1995,56.94922382,
Nepal,NPL,2000,56.05075862,
Nepal,NPL,2005,60.25414687,
Nepal,NPL,2010,62.60810996,
Nepal,NPL,2011,63.39964615,
Nepal,NPL,2012,64.68737621,
Nepal,NPL,2013,70.22741152,
Nepal,NPL,2014,71.62343624,
Nepal,NPL,2015,77.90664552,
Nepal,NPL,2016,78.49713349,
Netherlands,NLD,1990,18.70102104,
Netherlands,NLD,1995,17.00074299,
Netherlands,NLD,2000,15.78519709,
Netherlands,NLD,2005,15.26077996,
Netherlands,NLD,2010,15.31864611,
Netherlands,NLD,2011,15.32914418,
Netherlands,NLD,2012,14.72346666,
Netherlands,NLD,2013,14.88460108,
Netherlands,NLD,2014,14.84706394,
Netherlands,NLD,2015,15.21098929,
Netherlands,NLD,2016,15.23005009,
New Zealand,NZL,1990,6.2700041,
New Zealand,NZL,1995,6.261182473,
New Zealand,NZL,2000,6.245605733,
New Zealand,NZL,2005,6.093073322,
New Zealand,NZL,2010,5.419706089,
New Zealand,NZL,2011,5.420308424,
New Zealand,NZL,2012,5.474149386,
New Zealand,NZL,2013,5.459395797,
New Zealand,NZL,2014,5.525429017,
New Zealand,NZL,2015,5.533857524,
New Zealand,NZL,2016,5.525446595,
Nicaragua,NIC,1990,33.18216982,
Nicaragua,NIC,1995,33.28375151,
Nicaragua,NIC,2000,34.33995857,
Nicaragua,NIC,2005,32.07790344,
Nicaragua,NIC,2010,22.88148446,
Nicaragua,NIC,2011,25.21008612,
Nicaragua,NIC,2012,28.64993,
Nicaragua,NIC,2013,29.09982796,
Nicaragua,NIC,2014,28.23849717,
Nicaragua,NIC,2015,22.99885412,
Nicaragua,NIC,2016,22.70884868,
Niger,NER,1990,132.2614864,
Niger,NER,1995,131.2786956,
Niger,NER,2000,128.9077252,
Niger,NER,2005,112.4608082,
Niger,NER,2010,116.2079136,
Niger,NER,2011,118.3071703,
Niger,NER,2012,102.933742,
Niger,NER,2013,83.69221799,
Niger,NER,2014,72.1032697,
Niger,NER,2015,190.8841258,
Niger,NER,2016,203.7438917,
Nigeria,NGA,1990,81.46688529,
Nigeria,NGA,1995,77.88861467,
Nigeria,NGA,2000,74.50545073,
Nigeria,NGA,2005,59.98227093,
Nigeria,NGA,2010,51.52976545,
Nigeria,NGA,2011,53.37224714,
Nigeria,NGA,2012,50.09321698,
Nigeria,NGA,2013,46.39325158,
Nigeria,NGA,2014,41.60273017,
Nigeria,NGA,2015,115.1239961,
Nigeria,NGA,2016,122.478442,
North America,,1990,11.03154331,
North America,,1995,10.56312065,
North America,,2000,10.41561971,
North America,,2005,10.19368666,
North America,,2010,8.483242445,
North America,,2011,8.519955116,
North America,,2012,8.54078212,
North America,,2013,8.405408547,
North America,,2014,8.37207969,
North America,,2015,9.000671725,
North America,,2016,9.028642758,
North Korea,PRK,1990,30.61105712,
North Korea,PRK,1995,30.41536534,
North Korea,PRK,2000,30.81376132,
North Korea,PRK,2005,31.75780051,
North Korea,PRK,2010,31.16036492,
North Korea,PRK,2011,29.51980478,
North Korea,PRK,2012,30.25455573,
North Korea,PRK,2013,31.57622866,
North Korea,PRK,2014,32.81463215,
North Korea,PRK,2015,35.86906193,
North Korea,PRK,2016,36.01527573,
Northern Mariana Islands,MNP,1990,11.15447962,
Northern Mariana Islands,MNP,1995,11.0539208,
Northern Mariana Islands,MNP,2000,11.01021067,
Northern Mariana Islands,MNP,2005,11.66454545,
Northern Mariana Islands,MNP,2010,10.55372111,
Northern Mariana Islands,MNP,2011,9.975855916,
Northern Mariana Islands,MNP,2012,10.21330021,
Northern Mariana Islands,MNP,2013,10.68032895,
Northern Mariana Islands,MNP,2014,11.02373514,
Northern Mariana Islands,MNP,2015,11.38151509,
Northern Mariana Islands,MNP,2016,11.2866786,
Norway,NOR,1990,10.57272726,
Norway,NOR,1995,9.983782234,
Norway,NOR,2000,9.579016247,
Norway,NOR,2005,8.810552924,
Norway,NOR,2010,8.940380919,
Norway,NOR,2011,8.656901143,
Norway,NOR,2012,8.567909428,
Norway,NOR,2013,8.688093453,
Norway,NOR,2014,8.87185424,
Norway,NOR,2015,7.913173565,
Norway,NOR,2016,7.874067599,
OECD members,,1990,17.48534281,
OECD members,,1995,16.16032614,
OECD members,,2000,15.76865543,
OECD members,,2005,15.14851217,
OECD members,,2010,14.41772261,
OECD members,,2011,14.27636496,
OECD members,,2012,14.23487799,
OECD members,,2013,14.56236033,
OECD members,,2014,14.86495966,
OECD members,,2015,14.92769499,
OECD members,,2016,14.93361741,
Oman,OMN,1990,65.70511038,
Oman,OMN,1995,65.28183598,
Oman,OMN,2000,66.03120034,
Oman,OMN,2005,57.20011867,
Oman,OMN,2010,55.71701425,
Oman,OMN,2011,57.25434647,
Oman,OMN,2012,60.10075909,
Oman,OMN,2013,57.53171587,
Oman,OMN,2014,55.39335059,
Oman,OMN,2015,76.42964279,
Oman,OMN,2016,77.9621781,
Other small states,,1990,31.32709096,
Other small states,,1995,31.36914973,
Other small states,,2000,32.68142648,
Other small states,,2005,30.44921242,
Other small states,,2010,35.29317617,
Other small states,,2011,35.43058686,
Other small states,,2012,36.49568679,
Other small states,,2013,36.88709542,
Other small states,,2014,36.15296233,
Other small states,,2015,47.69763903,
Other small states,,2016,48.55605112,
Pacific island small states,,1990,7.79170996,
Pacific island small states,,1995,7.899973103,
Pacific island small states,,2000,7.838760689,
Pacific island small states,,2005,8.484473813,
Pacific island small states,,2010,6.201920413,
Pacific island small states,,2011,6.016076095,
Pacific island small states,,2012,6.200043906,
Pacific island small states,,2013,6.622514124,
Pacific island small states,,2014,6.46387652,
Pacific island small states,,2015,7.307022524,
Pacific island small states,,2016,7.479497287,
Pakistan,PAK,1990,67.99902022,
Pakistan,PAK,1995,67.28098946,
Pakistan,PAK,2000,69.61412097,
Pakistan,PAK,2005,63.91001757,
Pakistan,PAK,2010,61.42932565,
Pakistan,PAK,2011,63.62501885,
Pakistan,PAK,2012,63.30603941,
Pakistan,PAK,2013,64.29146493,
Pakistan,PAK,2014,64.25366108,
Pakistan,PAK,2015,75.08110491,
Pakistan,PAK,2016,75.75074243,
Palestine,PSE,1990,17.53819943,
Palestine,PSE,1995,16.98730097,
Palestine,PSE,2000,17.07501201,
Palestine,PSE,2005,16.55847478,
Palestine,PSE,2010,18.24283468,
Palestine,PSE,2011,17.81031899,
Palestine,PSE,2012,17.86035554,
Palestine,PSE,2013,18.67985957,
Palestine,PSE,2014,19.62109118,
Palestine,PSE,2015,18.96221468,
Palestine,PSE,2016,18.901415,
Panama,PAN,1990,15.87664367,
Panama,PAN,1995,15.48550471,
Panama,PAN,2000,16.2970145,
Panama,PAN,2005,14.06338274,
Panama,PAN,2010,10.2142522,
Panama,PAN,2011,10.44066231,
Panama,PAN,2012,11.0020676,
Panama,PAN,2013,12.3878622,
Panama,PAN,2014,12.29777543,
Panama,PAN,2015,13.97661625,
Panama,PAN,2016,14.12599776,
Papua New Guinea,PNG,1990,15.04432303,
Papua New Guinea,PNG,1995,15.08734034,
Papua New Guinea,PNG,2000,15.77557421,
Papua New Guinea,PNG,2005,13.71234157,
Papua New Guinea,PNG,2010,11.51181311,
Papua New Guinea,PNG,2011,12.94846651,
Papua New Guinea,PNG,2012,13.81281722,
Papua New Guinea,PNG,2013,14.35397329,
Papua New Guinea,PNG,2014,13.94665602,
Papua New Guinea,PNG,2015,13.72357609,
Papua New Guinea,PNG,2016,13.67788256,
Paraguay,PRY,1990,22.792534,
Paraguay,PRY,1995,23.41370633,
Paraguay,PRY,2000,23.27042534,
Paraguay,PRY,2005,23.62321911,
Paraguay,PRY,2010,17.71086925,
Paraguay,PRY,2011,18.49867743,
Paraguay,PRY,2012,16.52318502,
Paraguay,PRY,2013,16.33044636,
Paraguay,PRY,2014,15.5452079,
Paraguay,PRY,2015,23.10445642,
Paraguay,PRY,2016,23.69305414,
Peru,PER,1990,27.54271306,
Peru,PER,1995,31.71305519,
Peru,PER,2000,35.41496435,
Peru,PER,2005,41.03633415,
Peru,PER,2010,27.80849693,
Peru,PER,2011,29.97514286,
Peru,PER,2012,29.56000934,
Peru,PER,2013,29.41019495,
Peru,PER,2014,28.44784603,
Peru,PER,2015,26.05428187,
Peru,PER,2016,26.0545956,
Philippines,PHL,1990,24.49994547,
Philippines,PHL,1995,24.51048853,
Philippines,PHL,2000,25.27657408,
Philippines,PHL,2005,28.05466967,
Philippines,PHL,2010,23.5779281,
Philippines,PHL,2011,23.61313481,
Philippines,PHL,2012,23.28736392,
Philippines,PHL,2013,23.97069358,
Philippines,PHL,2014,23.54776085,
Philippines,PHL,2015,23.22725487,
Philippines,PHL,2016,23.2134941,
Poland,POL,1990,45.56408139,
Poland,POL,1995,32.88944727,
Poland,POL,2000,26.31689486,
Poland,POL,2005,25.15495066,
Poland,POL,2010,27.46920948,
Poland,POL,2011,26.9709844,
Poland,POL,2012,24.38072245,
Poland,POL,2013,24.70605313,
Poland,POL,2014,24.81526329,
Poland,POL,2015,25.56731512,
Poland,POL,2016,25.59991261,
Portugal,PRT,1990,9.974821608,
Portugal,PRT,1995,9.797978524,
Portugal,PRT,2000,9.722990776,
Portugal,PRT,2005,10.02366219,
Portugal,PRT,2010,9.610922656,
Portugal,PRT,2011,9.458652747,
Portugal,PRT,2012,9.497680853,
Portugal,PRT,2013,9.490609996,
Portugal,PRT,2014,9.692835117,
Portugal,PRT,2015,9.509145041,
Portugal,PRT,2016,9.491198111,
Post-demographic dividend,,1990,16.2486059,
Post-demographic dividend,,1995,14.42753872,
Post-demographic dividend,,2000,13.57806642,
Post-demographic dividend,,2005,13.09411388,
Post-demographic dividend,,2010,12.4112496,
Post-demographic dividend,,2011,12.22426194,
Post-demographic dividend,,2012,12.24258891,
Post-demographic dividend,,2013,12.52931591,
Post-demographic dividend,,2014,12.78944035,
Post-demographic dividend,,2015,12.82635501,
Post-demographic dividend,,2016,12.81021237,
Pre-demographic dividend,,1990,53.92538236,
Pre-demographic dividend,,1995,52.74871876,
Pre-demographic dividend,,2000,52.23439375,
Pre-demographic dividend,,2005,45.39536005,
Pre-demographic dividend,,2010,44.31945143,
Pre-demographic dividend,,2011,45.98780409,
Pre-demographic dividend,,2012,45.13816687,
Pre-demographic dividend,,2013,42.76924551,
Pre-demographic dividend,,2014,40.2733897,
Pre-demographic dividend,,2015,70.35128401,
Pre-demographic dividend,,2016,73.11862976,
Puerto Rico,PRI,1990,19.04219417,
Puerto Rico,PRI,1995,19.75674641,
Puerto Rico,PRI,2000,24.51643816,
Puerto Rico,PRI,2005,18.85840443,
Puerto Rico,PRI,2010,17.47411611,
Puerto Rico,PRI,2011,14.82833845,
Puerto Rico,PRI,2012,19.41954312,
Puerto Rico,PRI,2013,20.08235674,
Puerto Rico,PRI,2014,16.43706776,
Puerto Rico,PRI,2015,20.10202394,
Puerto Rico,PRI,2016,20.0552887,
Qatar,QAT,1990,108.179291,
Qatar,QAT,1995,105.7666618,
Qatar,QAT,2000,106.3563933,
Qatar,QAT,2005,102.6105421,
Qatar,QAT,2010,122.0569808,
Qatar,QAT,2011,112.5538643,
Qatar,QAT,2012,120.9489184,
Qatar,QAT,2013,115.3777245,
Qatar,QAT,2014,107.2377385,
Qatar,QAT,2015,147.5353404,
Qatar,QAT,2016,148.2413983,
Romania,ROU,1990,33.09344653,
Romania,ROU,1995,24.58407121,
Romania,ROU,2000,21.15040504,
Romania,ROU,2005,17.33121772,
Romania,ROU,2010,20.25975551,
Romania,ROU,2011,20.05552247,
Romania,ROU,2012,19.14020031,
Romania,ROU,2013,19.09686306,
Romania,ROU,2014,19.41947017,
Romania,ROU,2015,18.99856264,
Romania,ROU,2016,19.06441498,
Russia,RUS,1990,22.10299167,
Russia,RUS,1995,16.78620122,
Russia,RUS,2000,15.31865323,
Russia,RUS,2005,15.02015606,
Russia,RUS,2010,16.59835086,
Russia,RUS,2011,16.05082698,
Russia,RUS,2012,15.46510287,
Russia,RUS,2013,16.00367519,
Russia,RUS,2014,16.2609495,
Russia,RUS,2015,15.53096142,
Russia,RUS,2016,15.5005356,
Rwanda,RWA,1990,52.94893039,
Rwanda,RWA,1995,53.26602005,
Rwanda,RWA,2000,53.75377088,
Rwanda,RWA,2005,48.70688386,
Rwanda,RWA,2010,44.46827742,
Rwanda,RWA,2011,49.07405282,
Rwanda,RWA,2012,52.77579131,
Rwanda,RWA,2013,53.91828867,
Rwanda,RWA,2014,51.86310993,
Rwanda,RWA,2015,52.50980919,
Rwanda,RWA,2016,52.79013012,
Saint Lucia,LCA,1990,19.00637228,
Saint Lucia,LCA,1995,19.40204403,
Saint Lucia,LCA,2000,19.51889507,
Saint Lucia,LCA,2005,17.05695135,
Saint Lucia,LCA,2010,14.11346282,
Saint Lucia,LCA,2011,14.34185823,
Saint Lucia,LCA,2012,14.63442612,
Saint Lucia,LCA,2013,14.76714112,
Saint Lucia,LCA,2014,14.4516757,
Saint Lucia,LCA,2015,17.20764816,
Saint Lucia,LCA,2016,17.3478258,
Saint Vincent and the Grenadines,VCT,1990,19.06870734,
Saint Vincent and the Grenadines,VCT,1995,19.06236457,
Saint Vincent and the Grenadines,VCT,2000,19.14748945,
Saint Vincent and the Grenadines,VCT,2005,16.78470008,
Saint Vincent and the Grenadines,VCT,2010,13.87385095,
Saint Vincent and the Grenadines,VCT,2011,13.55623025,
Saint Vincent and the Grenadines,VCT,2012,14.05446808,
Saint Vincent and the Grenadines,VCT,2013,14.30117143,
Saint Vincent and the Grenadines,VCT,2014,14.16609813,
Saint Vincent and the Grenadines,VCT,2015,16.76453611,
Saint Vincent and the Grenadines,VCT,2016,17.37431954,
Samoa,WSM,1990,4.355272266,
Samoa,WSM,1995,4.370332874,
Samoa,WSM,2000,4.371523523,
Samoa,WSM,2005,4.415931663,
Samoa,WSM,2010,3.432086805,
Samoa,WSM,2011,3.326989665,
Samoa,WSM,2012,3.412159227,
Samoa,WSM,2013,3.535518478,
Samoa,WSM,2014,3.674938049,
Samoa,WSM,2015,3.85170228,
Samoa,WSM,2016,3.857072798,
Sao Tome and Principe,STP,1990,16.03319991,
Sao Tome and Principe,STP,1995,15.98260464,
Sao Tome and Principe,STP,2000,15.8676814,
Sao Tome and Principe,STP,2005,15.52849172,
Sao Tome and Principe,STP,2010,13.05972129,
Sao Tome and Principe,STP,2011,12.83431924,
Sao Tome and Principe,STP,2012,13.31006362,
Sao Tome and Principe,STP,2013,13.14091151,
Sao Tome and Principe,STP,2014,13.85662931,
Sao Tome and Principe,STP,2015,15.38460688,
Sao Tome and Principe,STP,2016,15.42765659,
Saudi Arabia,SAU,1990,85.3765685,
Saudi Arabia,SAU,1995,83.90345048,
Saudi Arabia,SAU,2000,93.24817017,
Saudi Arabia,SAU,2005,93.03133573,
Saudi Arabia,SAU,2010,130.0567129,
Saudi Arabia,SAU,2011,130.9313238,
Saudi Arabia,SAU,2012,135.9555427,
Saudi Arabia,SAU,2013,125.9608957,
Saudi Arabia,SAU,2014,116.2075531,
Saudi Arabia,SAU,2015,182.9214563,
Saudi Arabia,SAU,2016,187.8713608,
Senegal,SEN,1990,41.65314616,
Senegal,SEN,1995,41.56575841,
Senegal,SEN,2000,41.03081153,
Senegal,SEN,2005,29.22282085,
Senegal,SEN,2010,32.00963107,
Senegal,SEN,2011,33.20953967,
Senegal,SEN,2012,33.52068864,
Senegal,SEN,2013,36.12858103,
Senegal,SEN,2014,35.99474681,
Senegal,SEN,2015,55.53094798,
Senegal,SEN,2016,56.76633608,
Serbia,SRB,1990,24.68520119,
Serbia,SRB,1995,19.56911886,
Serbia,SRB,2000,19.11482101,
Serbia,SRB,2005,16.58909019,
Serbia,SRB,2010,19.5596881,
Serbia,SRB,2011,19.32433557,
Serbia,SRB,2012,18.82442565,
Serbia,SRB,2013,19.472607,
Serbia,SRB,2014,20.14719396,
Serbia,SRB,2015,18.9158635,
Serbia,SRB,2016,18.84678891,
Seychelles,SYC,1990,19.0006882,
Seychelles,SYC,1995,19.59983891,
Seychelles,SYC,2000,19.38878117,
Seychelles,SYC,2005,20.23631978,
Seychelles,SYC,2010,15.43654457,
Seychelles,SYC,2011,16.13055575,
Seychelles,SYC,2012,16.04780222,
Seychelles,SYC,2013,15.11802922,
Seychelles,SYC,2014,14.25881838,
Seychelles,SYC,2015,14.85154445,
Seychelles,SYC,2016,14.8388501,
Sierra Leone,SLE,1990,25.88692209,
Sierra Leone,SLE,1995,25.68124325,
Sierra Leone,SLE,2000,25.56611454,
Sierra Leone,SLE,2005,21.9668676,
Sierra Leone,SLE,2010,25.26623862,
Sierra Leone,SLE,2011,27.13427641,
Sierra Leone,SLE,2012,27.38182824,
Sierra Leone,SLE,2013,25.25998175,
Sierra Leone,SLE,2014,21.97884992,
Sierra Leone,SLE,2015,40.53851836,
Sierra Leone,SLE,2016,42.13067105,
Singapore,SGP,1990,18.81287469,
Singapore,SGP,1995,19.01715093,
Singapore,SGP,2000,19.12864952,
Singapore,SGP,2005,26.92914072,
Singapore,SGP,2010,18.10092841,
Singapore,SGP,2011,18.11850343,
Singapore,SGP,2012,18.17018788,
Singapore,SGP,2013,18.94640805,
Singapore,SGP,2014,18.05647415,
Singapore,SGP,2015,24.89237699,
Singapore,SGP,2016,25.02850236,
Slovakia,SVK,1990,35.54858608,
Slovakia,SVK,1995,26.15110301,
Slovakia,SVK,2000,21.69674976,
Slovakia,SVK,2005,20.11254683,
Slovakia,SVK,2010,20.32447653,
Slovakia,SVK,2011,19.5328462,
Slovakia,SVK,2012,18.91678209,
Slovakia,SVK,2013,19.03286448,
Slovakia,SVK,2014,19.78534047,
Slovakia,SVK,2015,20.31906812,
Slovakia,SVK,2016,20.33090746,
Slovenia,SVN,1990,24.50198806,
Slovenia,SVN,1995,19.67202977,
Slovenia,SVN,2000,16.76503802,
Slovenia,SVN,2005,16.67026595,
Slovenia,SVN,2010,15.88314254,
Slovenia,SVN,2011,15.1389415,
Slovenia,SVN,2012,15.77222177,
Slovenia,SVN,2013,17.22017527,
Slovenia,SVN,2014,18.73745719,
Slovenia,SVN,2015,17.92593844,
Slovenia,SVN,2016,17.82350883,
Small states,,1990,27.47445788,
Small states,,1995,27.56840051,
Small states,,2000,28.61799431,
Small states,,2005,26.49663426,
Small states,,2010,29.32350093,
Small states,,2011,29.61354387,
Small states,,2012,30.69506025,
Small states,,2013,31.24848722,
Small states,,2014,30.70800047,
Small states,,2015,39.60318366,
Small states,,2016,40.34931751,
Solomon Islands,SLB,1990,7.184177383,
Solomon Islands,SLB,1995,7.259320699,
Solomon Islands,SLB,2000,7.100135429,
Solomon Islands,SLB,2005,8.19527967,
Solomon Islands,SLB,2010,5.821331254,
Solomon Islands,SLB,2011,5.660076422,
Solomon Islands,SLB,2012,5.808507389,
Solomon Islands,SLB,2013,6.141942512,
Solomon Islands,SLB,2014,6.089560615,
Solomon Islands,SLB,2015,8.244669124,
Solomon Islands,SLB,2016,8.515828391,
Somalia,SOM,1990,21.7416868,
Somalia,SOM,1995,21.3626449,
Somalia,SOM,2000,22.33073026,
Somalia,SOM,2005,19.44874333,
Somalia,SOM,2010,19.61480089,
Somalia,SOM,2011,20.43104459,
Somalia,SOM,2012,20.55507033,
Somalia,SOM,2013,20.35655646,
Somalia,SOM,2014,20.0537647,
Somalia,SOM,2015,23.69593406,
Somalia,SOM,2016,23.88828751,
South Africa,ZAF,1990,34.87699457,
South Africa,ZAF,1995,35.92209888,
South Africa,ZAF,2000,37.05641026,
South Africa,ZAF,2005,35.86153488,
South Africa,ZAF,2010,29.75164165,
South Africa,ZAF,2011,29.43987439,
South Africa,ZAF,2012,29.17285158,
South Africa,ZAF,2013,29.11531417,
South Africa,ZAF,2014,29.45479727,
South Africa,ZAF,2015,35.52228598,
South Africa,ZAF,2016,35.91247747,
South Asia,,1990,60.47582075,
South Asia,,1995,61.06569832,
South Asia,,2000,62.07734151,
South Asia,,2005,65.93948993,
South Asia,,2010,65.09741949,
South Asia,,2011,64.88762094,
South Asia,,2012,66.55681244,
South Asia,,2013,69.44231366,
South Asia,,2014,71.28272896,
South Asia,,2015,76.97252567,
South Asia,,2016,77.28874805,
South Asia (IDA & IBRD),,1990,60.47582075,
South Asia (IDA & IBRD),,1995,61.06569832,
South Asia (IDA & IBRD),,2000,62.07734151,
South Asia (IDA & IBRD),,2005,65.93948993,
South Asia (IDA & IBRD),,2010,65.09741949,
South Asia (IDA & IBRD),,2011,64.88762094,
South Asia (IDA & IBRD),,2012,66.55681244,
South Asia (IDA & IBRD),,2013,69.44231366,
South Asia (IDA & IBRD),,2014,71.28272896,
South Asia (IDA & IBRD),,2015,76.97252567,
South Asia (IDA & IBRD),,2016,77.28874805,
South Korea,KOR,1990,25.55918024,
South Korea,KOR,1995,25.61151764,
South Korea,KOR,2000,25.75244226,
South Korea,KOR,2005,25.94127237,
South Korea,KOR,2010,25.16006609,
South Korea,KOR,2011,23.80378677,
South Korea,KOR,2012,24.88803144,
South Korea,KOR,2013,26.10019997,
South Korea,KOR,2014,27.50258279,
South Korea,KOR,2015,28.67551804,
South Korea,KOR,2016,28.68182353,
South Sudan,SSD,1990,41.919773,
South Sudan,SSD,1995,42.02947691,
South Sudan,SSD,2000,42.70204209,
South Sudan,SSD,2005,34.72361523,
South Sudan,SSD,2010,36.08196116,
South Sudan,SSD,2011,36.91415821,
South Sudan,SSD,2012,38.37230392,
South Sudan,SSD,2013,35.37940679,
South Sudan,SSD,2014,33.98167648,
South Sudan,SSD,2015,48.05525608,
South Sudan,SSD,2016,48.70312381,
Spain,ESP,1990,10.37607497,
Spain,ESP,1995,10.16657996,
Spain,ESP,2000,10.07227221,
Spain,ESP,2005,9.939772633,
Spain,ESP,2010,9.687449661,
Spain,ESP,2011,9.738397468,
Spain,ESP,2012,9.768897562,
Spain,ESP,2013,9.748359793,
Spain,ESP,2014,9.745861148,
Spain,ESP,2015,9.956494034,
Spain,ESP,2016,9.960824015,
Sri Lanka,LKA,1990,29.9457047,
Sri Lanka,LKA,1995,29.90902751,
Sri Lanka,LKA,2000,30.76727432,
Sri Lanka,LKA,2005,30.37096466,
Sri Lanka,LKA,2010,26.97235396,
Sri Lanka,LKA,2011,27.19529912,
Sri Lanka,LKA,2012,27.91566695,
Sri Lanka,LKA,2013,28.09759559,
Sri Lanka,LKA,2014,28.08784333,
Sri Lanka,LKA,2015,25.7665375,
Sri Lanka,LKA,2016,25.63520757,
Sub-Saharan Africa,,1990,49.38982753,
Sub-Saharan Africa,,1995,48.58038196,
Sub-Saharan Africa,,2000,48.23917069,
Sub-Saharan Africa,,2005,42.05158863,
Sub-Saharan Africa,,2010,39.68262447,
Sub-Saharan Africa,,2011,41.54736405,
Sub-Saharan Africa,,2012,41.20017997,
Sub-Saharan Africa,,2013,39.45922831,
Sub-Saharan Africa,,2014,37.5855352,
Sub-Saharan Africa,,2015,64.62065067,
Sub-Saharan Africa,,2016,67.12849639,
Sub-Saharan Africa (IDA & IBRD),,1990,49.38982753,
Sub-Saharan Africa (IDA & IBRD),,1995,48.58038196,
Sub-Saharan Africa (IDA & IBRD),,2000,48.23917069,
Sub-Saharan Africa (IDA & IBRD),,2005,42.05158863,
Sub-Saharan Africa (IDA & IBRD),,2010,39.68262447,
Sub-Saharan Africa (IDA & IBRD),,2011,41.54736405,
Sub-Saharan Africa (IDA & IBRD),,2012,41.20017997,
Sub-Saharan Africa (IDA & IBRD),,2013,39.45922831,
Sub-Saharan Africa (IDA & IBRD),,2014,37.5855352,
Sub-Saharan Africa (IDA & IBRD),,2015,64.62065067,
Sub-Saharan Africa (IDA & IBRD),,2016,67.12849639,
Sub-Saharan Africa (excluding high income),,1990,49.39395216,
Sub-Saharan Africa (excluding high income),,1995,48.58409727,
Sub-Saharan Africa (excluding high income),,2000,48.24266125,
Sub-Saharan Africa (excluding high income),,2005,42.05394839,
Sub-Saharan Africa (excluding high income),,2010,39.68510479,
Sub-Saharan Africa (excluding high income),,2011,41.54982826,
Sub-Saharan Africa (excluding high income),,2012,41.20258788,
Sub-Saharan Africa (excluding high income),,2013,39.46153789,
Sub-Saharan Africa (excluding high income),,2014,37.58772279,
Sub-Saharan Africa (excluding high income),,2015,64.62529582,
Sub-Saharan Africa (excluding high income),,2016,67.13331141,
Sudan,SDN,1990,57.43200586,
Sudan,SDN,1995,57.41659979,
Sudan,SDN,2000,57.23746775,
Sudan,SDN,2005,55.52708029,
Sudan,SDN,2010,56.32722689,
Sudan,SDN,2011,57.35527874,
Sudan,SDN,2012,58.83150725,
Sudan,SDN,2013,54.74442527,
Sudan,SDN,2014,52.51987476,
Sudan,SDN,2015,76.0529344,
Sudan,SDN,2016,77.72107205,
Suriname,SUR,1990,28.23711883,
Suriname,SUR,1995,28.58818195,
Suriname,SUR,2000,28.4657107,
Suriname,SUR,2005,17.34640246,
Suriname,SUR,2010,14.93928789,
Suriname,SUR,2011,17.09334913,
Suriname,SUR,2012,18.88451611,
Suriname,SUR,2013,20.13205459,
Suriname,SUR,2014,19.11622011,
Suriname,SUR,2015,21.71352073,
Suriname,SUR,2016,21.53247349,
Swaziland,SWZ,1990,26.29555385,
Swaziland,SWZ,1995,26.58632982,
Swaziland,SWZ,2000,27.60020525,
Swaziland,SWZ,2005,26.49823498,
Swaziland,SWZ,2010,22.21147826,
Swaziland,SWZ,2011,21.80076055,
Swaziland,SWZ,2012,21.71516004,
Swaziland,SWZ,2013,21.33428843,
Swaziland,SWZ,2014,21.60731506,
Swaziland,SWZ,2015,24.28347165,
Swaziland,SWZ,2016,24.15181545,
Sweden,SWE,1990,6.533938864,
Sweden,SWE,1995,6.143319523,
Sweden,SWE,2000,5.919504112,
Sweden,SWE,2005,5.382267764,
Sweden,SWE,2010,5.436057279,
Sweden,SWE,2011,5.287009296,
Sweden,SWE,2012,5.161341523,
Sweden,SWE,2013,5.579372123,
Sweden,SWE,2014,5.862179314,
Sweden,SWE,2015,5.222487818,
Sweden,SWE,2016,5.195282483,
Switzerland,CHE,1990,13.24317313,
Switzerland,CHE,1995,12.06217612,
Switzerland,CHE,2000,11.20636913,
Switzerland,CHE,2005,10.91419228,
Switzerland,CHE,2010,11.00278236,
Switzerland,CHE,2011,11.09412731,
Switzerland,CHE,2012,11.17327887,
Switzerland,CHE,2013,12.0362583,
Switzerland,CHE,2014,12.33330312,
Switzerland,CHE,2015,10.60404505,
Switzerland,CHE,2016,10.51208667,
Syrian Arab Republic,,1990,33.99277364,
Syrian Arab Republic,,1995,32.48307289,
Syrian Arab Republic,,2000,32.35826701,
Syrian Arab Republic,,2005,31.15346978,
Syrian Arab Republic,,2010,41.00456316,
Syrian Arab Republic,,2011,38.25027044,
Syrian Arab Republic,,2012,37.59990397,
Syrian Arab Republic,,2013,38.43050732,
Syrian Arab Republic,,2014,39.94112244,
Syrian Arab Republic,,2015,43.3959486,
Syrian Arab Republic,,2016,43.54666904,
Tajikistan,TJK,1990,74.02308086,
Tajikistan,TJK,1995,62.06089652,
Tajikistan,TJK,2000,62.66789288,
Tajikistan,TJK,2005,44.31869752,
Tajikistan,TJK,2010,48.98065243,
Tajikistan,TJK,2011,47.97827939,
Tajikistan,TJK,2012,49.42557067,
Tajikistan,TJK,2013,48.18887334,
Tajikistan,TJK,2014,50.28844141,
Tajikistan,TJK,2015,60.69744821,
Tajikistan,TJK,2016,61.35430442,
Tanzania,TZA,1990,21.01459544,
Tanzania,TZA,1995,21.27386605,
Tanzania,TZA,2000,22.3542246,
Tanzania,TZA,2005,21.21707697,
Tanzania,TZA,2010,20.96776886,
Tanzania,TZA,2011,22.28469247,
Tanzania,TZA,2012,23.47310311,
Tanzania,TZA,2013,23.72398744,
Tanzania,TZA,2014,23.48964387,
Tanzania,TZA,2015,22.38670539,
Tanzania,TZA,2016,22.34930727,
Thailand,THA,1990,23.55552108,
Thailand,THA,1995,23.74035004,
Thailand,THA,2000,23.84173186,
Thailand,THA,2005,24.82225996,
Thailand,THA,2010,22.48840353,
Thailand,THA,2011,22.9746551,
Thailand,THA,2012,23.90589038,
Thailand,THA,2013,25.0787274,
Thailand,THA,2014,25.51617946,
Thailand,THA,2015,23.27653247,
Thailand,THA,2016,23.1725896,
Timor,TLS,1990,19.70998261,
Timor,TLS,1995,19.96761764,
Timor,TLS,2000,20.17296983,
Timor,TLS,2005,19.96114453,
Timor,TLS,2010,19.15969435,
Timor,TLS,2011,18.60883738,
Timor,TLS,2012,18.77605427,
Timor,TLS,2013,18.93125296,
Timor,TLS,2014,18.76839591,
Timor,TLS,2015,17.06733042,
Timor,TLS,2016,17.0005339,
Togo,TGO,1990,56.07383926,
Togo,TGO,1995,54.53545852,
Togo,TGO,2000,53.53290565,
Togo,TGO,2005,40.81986693,
Togo,TGO,2010,38.99098857,
Togo,TGO,2011,42.43923048,
Togo,TGO,2012,42.52160881,
Togo,TGO,2013,38.66816463,
Togo,TGO,2014,35.83835204,
Togo,TGO,2015,80.14973985,
Togo,TGO,2016,84.14439034,
Tonga,TON,1990,4.87755941,
Tonga,TON,1995,4.908260052,
Tonga,TON,2000,4.92495834,
Tonga,TON,2005,4.900585297,
Tonga,TON,2010,3.903498192,
Tonga,TON,2011,3.868612218,
Tonga,TON,2012,3.954435058,
Tonga,TON,2013,3.983512903,
Tonga,TON,2014,3.978563842,
Tonga,TON,2015,4.016892769,
Tonga,TON,2016,3.993593926,
Trinidad and Tobago,TTO,1990,19.38946126,
Trinidad and Tobago,TTO,1995,19.24165693,
Trinidad and Tobago,TTO,2000,19.28906191,
Trinidad and Tobago,TTO,2005,14.87285076,
Trinidad and Tobago,TTO,2010,12.25632322,
Trinidad and Tobago,TTO,2011,12.30638659,
Trinidad and Tobago,TTO,2012,12.55898105,
Trinidad and Tobago,TTO,2013,13.48224762,
Trinidad and Tobago,TTO,2014,13.67334504,
Trinidad and Tobago,TTO,2015,16.60840812,
Trinidad and Tobago,TTO,2016,16.81227296,
Tunisia,TUN,1990,37.87299159,
Tunisia,TUN,1995,36.4548647,
Tunisia,TUN,2000,35.62713706,
Tunisia,TUN,2005,28.38562388,
Tunisia,TUN,2010,35.47790504,
Tunisia,TUN,2011,34.07999145,
Tunisia,TUN,2012,33.54500089,
Tunisia,TUN,2013,35.87353697,
Tunisia,TUN,2014,39.87458923,
Tunisia,TUN,2015,35.87427092,
Tunisia,TUN,2016,35.56567907,
Turkey,TUR,1990,32.80561261,
Turkey,TUR,1995,29.33801527,
Turkey,TUR,2000,30.19456378,
Turkey,TUR,2005,27.69400925,
Turkey,TUR,2010,32.58532529,
Turkey,TUR,2011,32.1457016,
Turkey,TUR,2012,30.32235935,
Turkey,TUR,2013,33.05769258,
Turkey,TUR,2014,34.67726932,
Turkey,TUR,2015,37.15752608,
Turkey,TUR,2016,37.25391764,
Turkmenistan,TKM,1990,37.98824221,
Turkmenistan,TKM,1995,34.76934084,
Turkmenistan,TKM,2000,35.02931755,
Turkmenistan,TKM,2005,20.72972746,
Turkmenistan,TKM,2010,29.79670398,
Turkmenistan,TKM,2011,27.51532691,
Turkmenistan,TKM,2012,27.89276847,
Turkmenistan,TKM,2013,28.39543519,
Turkmenistan,TKM,2014,30.14637802,
Turkmenistan,TKM,2015,37.30685938,
Turkmenistan,TKM,2016,37.7417613,
Uganda,UGA,1990,60.62168047,
Uganda,UGA,1995,61.22867823,
Uganda,UGA,2000,60.36042629,
Uganda,UGA,2005,55.95646355,
Uganda,UGA,2010,52.90097332,
Uganda,UGA,2011,58.36132798,
Uganda,UGA,2012,62.14682822,
Uganda,UGA,2013,62.33800223,
Uganda,UGA,2014,61.38641667,
Uganda,UGA,2015,72.75637349,
Uganda,UGA,2016,73.51172275,
Ukraine,UKR,1990,33.32496334,
Ukraine,UKR,1995,23.72480739,
Ukraine,UKR,2000,20.04805164,
Ukraine,UKR,2005,17.52665581,
Ukraine,UKR,2010,19.26064083,
Ukraine,UKR,2011,18.8773433,
Ukraine,UKR,2012,18.61955195,
Ukraine,UKR,2013,18.55494537,
Ukraine,UKR,2014,18.77227308,
Ukraine,UKR,2015,19.21988923,
Ukraine,UKR,2016,19.20606229,
United Arab Emirates,ARE,1990,74.37745934,
United Arab Emirates,ARE,1995,73.25791681,
United Arab Emirates,ARE,2000,74.1805101,
United Arab Emirates,ARE,2005,65.84455957,
United Arab Emirates,ARE,2010,72.80485477,
United Arab Emirates,ARE,2011,71.69635049,
United Arab Emirates,ARE,2012,73.52988815,
United Arab Emirates,ARE,2013,69.47269504,
United Arab Emirates,ARE,2014,65.924122,
United Arab Emirates,ARE,2015,102.9262399,
United Arab Emirates,ARE,2016,105.1237359,
United Kingdom,GBR,1990,14.49462387,
United Kingdom,GBR,1995,13.49117062,
United Kingdom,GBR,2000,12.6873433,
United Kingdom,GBR,2005,12.04385326,
United Kingdom,GBR,2010,11.81279093,
United Kingdom,GBR,2011,11.84118031,
United Kingdom,GBR,2012,12.0581285,
United Kingdom,GBR,2013,12.03398615,
United Kingdom,GBR,2014,12.10009135,
United Kingdom,GBR,2015,11.54647834,
United Kingdom,GBR,2016,11.52028708,
United States,USA,1990,11.37815509,
United States,USA,1995,10.87530453,
United States,USA,2000,10.70362715,
United States,USA,2005,10.42620784,
United States,USA,2010,8.616733017,
United States,USA,2011,8.649967184,
United States,USA,2012,8.677355527,
United States,USA,2013,8.531050242,
United States,USA,2014,8.501963777,
United States,USA,2015,9.166296244,
United States,USA,2016,9.196934123,
United States Virgin Islands,VIR,1990,18.40624555,
United States Virgin Islands,VIR,1995,18.53665026,
United States Virgin Islands,VIR,2000,20.48483701,
United States Virgin Islands,VIR,2005,17.66822415,
United States Virgin Islands,VIR,2010,15.33755849,
United States Virgin Islands,VIR,2011,14.19720122,
United States Virgin Islands,VIR,2012,16.64133453,
United States Virgin Islands,VIR,2013,16.68394187,
United States Virgin Islands,VIR,2014,14.8322492,
United States Virgin Islands,VIR,2015,17.64554371,
United States Virgin Islands,VIR,2016,18.38143205,
Upper middle income,,1990,38.87636194,
Upper middle income,,1995,38.80589623,
Upper middle income,,2000,40.13374936,
Upper middle income,,2005,42.20980843,
Upper middle income,,2010,42.76670072,
Upper middle income,,2011,42.09869641,
Upper middle income,,2012,42.07894946,
Upper middle income,,2013,41.83301864,
Upper middle income,,2014,42.34180208,
Upper middle income,,2015,42.06787591,
Upper middle income,,2016,42.06630751,
Uruguay,URY,1990,13.03716654,
Uruguay,URY,1995,13.09416836,
Uruguay,URY,2000,13.33984531,
Uruguay,URY,2005,11.93072718,
Uruguay,URY,2010,11.80236181,
Uruguay,URY,2011,11.70516914,
Uruguay,URY,2012,11.7588682,
Uruguay,URY,2013,11.54003033,
Uruguay,URY,2014,11.61313152,
Uruguay,URY,2015,11.54168106,
Uruguay,URY,2016,11.52339849,
Uzbekistan,UZB,1990,50.86192527,
Uzbekistan,UZB,1995,43.08253415,
Uzbekistan,UZB,2000,40.19075407,
Uzbekistan,UZB,2005,32.77380373,
Uzbekistan,UZB,2010,37.18238236,
Uzbekistan,UZB,2011,36.03357003,
Uzbekistan,UZB,2012,37.3334286,
Uzbekistan,UZB,2013,36.98575052,
Uzbekistan,UZB,2014,38.63229348,
Uzbekistan,UZB,2015,46.21301018,
Uzbekistan,UZB,2016,46.6910757,
Vanuatu,VUT,1990,10.14428596,
Vanuatu,VUT,1995,10.36964948,
Vanuatu,VUT,2000,10.31108639,
Vanuatu,VUT,2005,11.25297712,
Vanuatu,VUT,2010,7.686919541,
Vanuatu,VUT,2011,7.446672739,
Vanuatu,VUT,2012,7.606975992,
Vanuatu,VUT,2013,8.2636778,
Vanuatu,VUT,2014,7.985840186,
Vanuatu,VUT,2015,8.773083047,
Vanuatu,VUT,2016,8.848735261,
Venezuela,VEN,1990,32.41387188,
Venezuela,VEN,1995,29.04227738,
Venezuela,VEN,2000,32.57235604,
Venezuela,VEN,2005,28.87033851,
Venezuela,VEN,2010,22.70342429,
Venezuela,VEN,2011,24.08335306,
Venezuela,VEN,2012,23.79501919,
Venezuela,VEN,2013,24.76507453,
Venezuela,VEN,2014,23.73096945,
Venezuela,VEN,2015,26.06650887,
Venezuela,VEN,2016,26.33118091,
Vietnam,VNM,1990,26.78004948,
Vietnam,VNM,1995,26.93555787,
Vietnam,VNM,2000,27.08966371,
Vietnam,VNM,2005,29.22763143,
Vietnam,VNM,2010,26.76071256,
Vietnam,VNM,2011,27.20811187,
Vietnam,VNM,2012,27.39297301,
Vietnam,VNM,2013,27.81588902,
Vietnam,VNM,2014,27.97614896,
Vietnam,VNM,2015,26.39694417,
Vietnam,VNM,2016,26.28590641,
World,OWID_WRL,1990,39.57685229,
World,OWID_WRL,1995,39.51072164,
World,OWID_WRL,2000,40.4751654,
World,OWID_WRL,2005,41.80359252,
World,OWID_WRL,2010,41.85823484,
World,OWID_WRL,2011,41.84501101,
World,OWID_WRL,2012,42.32485234,
World,OWID_WRL,2013,42.87941253,
World,OWID_WRL,2014,43.34016629,
World,OWID_WRL,2015,49.10450525,
World,OWID_WRL,2016,49.6734651,
Yemen,YEM,1990,53.63571542,
Yemen,YEM,1995,53.26073471,
Yemen,YEM,2000,54.48713324,
Yemen,YEM,2005,43.12757693,
Yemen,YEM,2010,50.52850571,
Yemen,YEM,2011,55.26850733,
Yemen,YEM,2012,62.43897958,
Yemen,YEM,2013,59.39944964,
Yemen,YEM,2014,55.65850957,
Yemen,YEM,2015,71.70694713,
Yemen,YEM,2016,72.55386478,
Zambia,ZMB,1990,32.44482161,
Zambia,ZMB,1995,30.62390258,
Zambia,ZMB,2000,30.8609302,
Zambia,ZMB,2005,28.2369913,
Zambia,ZMB,2010,26.42764218,
Zambia,ZMB,2011,27.22962995,
Zambia,ZMB,2012,27.80475151,
Zambia,ZMB,2013,27.6507332,
Zambia,ZMB,2014,27.10911414,
Zambia,ZMB,2015,30.40264504,
Zambia,ZMB,2016,30.55029496,
Zimbabwe,ZWE,1990,26.2731157,
Zimbabwe,ZWE,1995,24.81850017,
Zimbabwe,ZWE,2000,25.08849508,
Zimbabwe,ZWE,2005,25.42319986,
Zimbabwe,ZWE,2010,22.48042698,
Zimbabwe,ZWE,2011,23.39766605,
Zimbabwe,ZWE,2012,23.35947839,
Zimbabwe,ZWE,2013,23.44837555,
Zimbabwe,ZWE,2014,23.07232709,
Zimbabwe,ZWE,2015,24.37178566,
Zimbabwe,ZWE,2016,24.51303497,
